aardvark,n. s-ambane /t-
addrdwolf,n. si-ngci /ti-.
abandon, v.t.# (ku)-shiya# (ku)yekela# (ku)-lahla
abate, v.i. (as rain)-(ku)-khawuka # (as floods)  (ku)-bohla.
abattoir, n. (at/in/to/from the ~) ema-dzeleni 
abbreviate,v.t (ku)-nciphisa# (ku)-finyeta
abdomen,n. si-su /ti-
abduct,v.t. (ku)-tfumba
abhor#,v.t. (kw)-enyanya# (ku)-casukela# (ku)-tondza
ability,n. li-khono# bu-cwecwe
able,a. (be~to)v. -kwati
abolish,v.t. (ku)-chita# (ku)-cedza
abortion,n. ku-khipha sisu# (of animals) ku-phunta
about,conj. nge-/nga; mayelana ne-/na- (+ n./pr.)
above,adv. etulu; eti kwe-/kwa--(+n./pr.)
abrasion,n. um-hhudluko /ini-
abroad,adv. phesheya
abscess,n. li-tfumba /ema-
absence,n. lu-ngabikho
absent-minded,a. (become/be~)# (ku)-lutseka/-lutsekile (v.i.)# (~person) n. si-kholwa /ti-
absolutely,adv. impela# ngalokwenele
absolve,v.t. (ku)-tsetselela
absorb,v.t. (ku)-munya
abstain,(from v.t. (ku)-tila
absurd,a. -ngakhohlweki
abundance,n. bu-nengi# (~ of food) i-nala
abundant,a. (become/be ~)# (ku)-vama/-vamile v.i.
acacia,n. umu-nga /imi-
accelerate,v. (ku)-phangisa# (ku)-gijimisa
accentuate,v.t. (ku)-gcizelela
accept,v.t. (kw)-emukela
accident,n. ingoti /tin-
accommodation,n. in-dzawo yekulala
accompany,v.t (ku)-pheleketela# (ku)-hamba ne-/na- (+ n./pr.); (~ to) (ku)-mikisa
account,n. i-akhawunti /ema- (report) in-dzaba /tin-
accumulate,v.t. (ku)-butsela
accurate,a. (be ~) (ku)-lunga/-lungile  v.i.
accusation,n. li-cala lelibekwako
accuse,v.t. (ku)-beka licalal# (ku)-tfwesa licala# (~ of witchcraft) (ku)-nuka
accused,n. um-mangalelwa /ba-
accuser,n. si-mangali /ti-
accustomed,(get/be ~ to) v. (kw)-etayla /-eayela; (kw)-ejayela/-ejayele
ache,v.i. (ku)-futsa
achieve,v.t. (ku)-phumelela
achievement,n. imphumelelo tim-
acknowledge,v.t. (ku)-vuma
acne,n. ema-jini
acquaint,v.t. (kw)-atisa (be acquainted with ) (kw)-ati
acquaintance,n. 1. (person) s-atane /t-. 2. (knowledge) kw-ati
acquire,v.t. (ku)-ftola
acquit,v.t. (ku)-khipha ecaleni
acre,n. li-yeka /ema-
across,adv. ngesheya kwe-/kwa- (+ n.pr.)
act,n. s-ento /t-# (of a play) in--khundla / tin-
act,v. (kw)-enta (in a play) (ku)-dlala
action,n. s-ento /t-# (legal ~) si-mangalo /ti-
activity,n. bu-khuphekhuphe
actor,n. um-dlali /ba-
actually,adv. impela# phela# sibili
acute,a. (become/be ~) (ku)-dlanga/dlanigile; -cijile v.i.
add,v.t. (ku)-hlanganisas# (ku)-eda# (~onto) (kw)-engeta
address,n. li-kheli /ema# (speech) in-khulumo /tin-
adenoids,n. ema-kaka
adequate,a. (be) (kw)-enela/-enele v.i
adequately,adv. ngalokwenele
adhere,v. (ku)-namatsela
adjective,n. si-phawulo /ti-
adjudicate,v.t. (kw)-ehlulela
adjust,v.t. (ku)-hlela# (ku)-lungisa
administer,v.t. (serve out) (ku)-pha# (manage) (ku)-phatsa
administrator,n. um-phatsi /ba-
admire,v.t. (ku)-babata
admit,v.t. (let in) (ku)-ngenisa# (agree) (ku)-vuma
admonish,v.t. (ku)-khuta
adopt,v.t. (ku)-tfola# (an idea) (kw)-emukela
adore,v.t. (ku)-tsandzisisa
adult,n. lo-khulile / laba (rel.)
adultery,n. ku-phinga
advance,v.i. (ku)-chubeka
advancement,n. in-tfutfuko
advantage,n. lu-sito /tin-
adverb,n. s-andziso /t-
advertisement,n. s-atiso /t-
advice,n. s-eluleko /t-
advisable,(be) v.(ku)-fanele
advise,v.t. (kw)-eluleka
adviser,n. um-eluleki /b-
advocate,n. um-meli /ba-
aeroplane,n. in-diza /tin-# im-fulamishini .tim-
affair,n. in-dzaba /tin-
affection,n. lu-tsandvo
affidavit,n. ema-gama labhaler lafungelwe
affirm,v.t. (ku)-cinisa
affix,v.t. (ku)-namatselisa
afflicted,(become/be) v. (ku)-phatfwa/-phetfwe
affray,n. si-dvumo /ti-
afraid,(be) v. (kw)-esaba
Africa,n. i-Afrika
African,n. li-Afrika /ema-
Afrikaans,n. si-Bhunu
Afrikanner,n. li-Bhunu /ema-
after,adv. emuva kwe-kwa- (+n./pr.)
afternoon,n. in-tsambama /tin-
afterwards,adv. ngemuva
again,adv. futsi
against,adv. l. (alongside) eceleni ne-/na- (+n./pr.)# (be/be contrary to) v. (ku)-phambana ne-/na- (+n./pr.)
age,n. bu-dzala (what is your ~?) unrminyaka lrmingakhi? (I am 30 years of ~) iminyaka yami ingu -30
agent,n. um-phatseli /ba-
agitate,v.t. l. (stir) (ku)--tamatisa# (arouse protest) (ku)-susa lutfuli
agitator,n. umm-susi welutfuli
agony,n. bu-hlungu loboukhulu
agree,v. (ku)-vuma
agreement,n. si-vumelwane /ti-
agressor,n. um-cali /ba-# um-sukeli /ba-
aagriculture,n. ku-lima
ahead,adv. embili
aid,n. lu-sito /tin-
aid,v.t. (ku)-sita# (ku)-ncedza
ailment,n. si-fo /ti-
aim,v.t. (ku)-khomba
aim,n. in-jongo /tin-# in-hloso /tin-
air,n. u-moya (cl. la or 3)
airmail,n. li-posi lemoya# (by ~) ngendiza
airport,n. li-epoti /ema-# (to/from#/at the ~) e-epoti
alarm,v.t. (kw)-eftusa
alarm,n. um-khosi /imi-. (raise the ~) (ku)-hlaba ~
alas,interj. maye!
alcohol,n. i-alkoholi
alcoholic,a. -dzakisako (v.rel.st.); n. si-dzakwa /ti-
alert,a. (become/be ~) (ku)-phaphama/-phapheme v.i.
alighnment,n. lu-hlelo loluvumelanako
alight,a. (catch~) (k)-okheleka v.i.
alight,v.i (kw)-ehla# (kw)-ehlika
alike,a. (be~) (ku)-fana# (ku)-fanana v.i.
alive,a. (be~) (ku)-phila v.i.
all,quant. pr. -onkhe (wonkhe# bonkhe). all the time: ngesikhatsi sonkhe. all of it: konkhe. be all right :  (ku)-lunga/-lungile v.i.
alleviate,v.t. (ku)-dzambisa
allocate,v.t (kw)-abela# (kw)-ehlukanisela
allow,v.t (ku)-vumela
almighty,n. Somandla
almost,adv. cishe 
aloe,n in-hlaba /tin-
alone,quant. pr. -odvwa# -edvwa
alongside,adv. eceleni 
lotment,n. s-abelo /t-
alphabet,n. i-alfabhethi /ema-
already,adv. se-
alright,a. (be~) (ku)-lunga/-lungile v.i.
also,adv. futsi; ne-/na- 
altar,n. li-lathi /ema
alter,v.i. (ku)-gucula# (ku)-phendvula
alternately,adv. ngekukhweshelana
although,conj. noma
altitude,n. (ku)-phakama
always,adv. njalo; tonkhe tikhatsi
amalgamate,v.t. (ku)-hlanganisela; v.i. (ku)-hlanganiselana
amalgamation,n. in-hlanganisela /tin-
amaze,v.t. (ku)-mangalisa
ambassador,n. li-ncusa /ema-
ambulance,n i-ambulesi /ema-
ambush,v.t. (ku)-lalela. ~and kill: (ku)-sontsa
amend,v.t. (ku)-gucula# (ku)-lungisa
amendment,n. si-lungiso /ti-
America,n. e-Melika loc. n.
American,n. li-Melika /ema-
amnesty,n. ku-colelwa
amount,n. bu-ngako. large ~: bu-nengi# bu-nyenti
amputate,v.t. (ku)-ncuma# (ku)-juba.
amuse,v.t. (ku)-dlalisa# (ku)-hlekisa
analyse,v.t. (ku)-hlahlela
anatomy,n. si-mo semtimba
ancestor,n. khokho /bo-
ancestral,spirit n. li-dloti /ema-
and,conj.f. ne-/na-
angel,n. in-gilosi /tin-
anger,n. lu-laka
angle,n. li-gumbi /ema-
angry,a. (get/be~) (ku)-ftukutsela/-ftukutsele
animal,n. si-lwane /ti-
ankle,n. in-chotolwane /tin-# li-cakala /ema-# si-hlakala /ti-
annihilate,v.t. (ku)-sitila# (ku)-bhubhisa
announcer,n. um-sakati /ba-
announcement,n. si-memetelo /ti-
annoy,v.t. (ku)-hlupha# (ku)-casula# (ku)-caukisa
annual,a. -(e)mnyaka
anoint,v.t. (ku)-gcobisa# (ku)-bhoca# (ku)-nindza
another,a. -nye. ~person: lomunye
answer,n. im-phendvulo /tim-
answer,v.t. (ku)-phendvula
ant,n. in-tfutfwane /tin-
ant-bear,n. s-ambane /t-
antelope,n. i-nyamatane /ti-
ant-heap,n. si-dvuli /ti-
anthrax,n. mbedzeni
anticipate,v.t. (kw)-andvulela# (ku)-lindzela
antidote,n. si-biba /ti-
antiseptic,n. si-ncandakuvundza /ti
anus,n. um-dzidzi /imi-# in-duze/tin-# li-golo/ema- (also =vagina)
anxiety,n. lu-valo/tim-
anxious,a. (be ~) (ku)-shiseka v.i.
anyhow,adv. ngaphandle kwekunaka. (inevitably) nakanjani
anyone,n. noma ngubani
anything,n. noma yini. 
anywhere,adv. nakuphi-nakuphi
apart,adv. ngekwehlukana
ape,n. in-gobiyane /tin-
aperture,n. i-mbobo /ti-# in-tfunja /tin-
apex,n. si-congo /ti-
apologise,v.i. (ku)-colisa
apostle,n. um-phostoli /ba-
apparent,a. (be~) (ku)-bonakala# (ku)-khanya v.i.
appeal,v.i. (ku)-khala#. (~ at court: (kw)-endlulisa
appeal,court n. in-kantolo yekwendlulisa emacala
appear,v.i. (ku)-chamuka# (ku)-vela
appease,v.i. (ku)-dvudvuta
appendix,n. li-tfunjana /ema-
arrival,n. ku-fika
arrive,v.i. (ku)-fika
arrow,n. vu-tjoki (also = bow)
arson,n. li-cala lekushisa tindlu
artery,n. um-tsambo /imi-
article,n. intfo /tin-
asbestos,n. li-tjeboya
ascend,v. (ku)-khuphuka# (kw)-enyuka# (ku)-khwela
ash,n. um-lotsa /imi-
ashamed,a. -nemahloni 
ask,v.t. (ku)-buta# (ask for): (ku)-cela
asleep,a. (be~) -lele v.i. (stat. perf. st.)
aspect,n. si-bonakalo /ti-
ass,n. i-mbogolo /ti-
assailant,n. um-sukeli /ba-
assault,v.t. (ku)-gebenga# (ku)-sukela. (~sexually: (ku)-dludluluta# (ku)-dlwegnula
assemble,v.i. (ku)-hlangana# v.t. (ku)-butsana# (ku)-hlanganisa
assembly,n. um-butsano /imi-
assert,v.t (ku)-cinisa
assess,v.t. (ku)-linganisa# (ku)-ncuma
assessor,n. um-sekeli welijaji
assets,n. ti-mphahla lonato
assist,v.t. (ku)-sita# (ku)-ncedza
assistance,n. lu-sito /tin-
assistant,n. um-siti /ba-# li-sekela/ ema-. (shop~_: um-tsengeli /ba-
association,n. in-hlangano /tin-
assurance,n. li-tsemba /ema-;
assure,v.t. (kw)-etsembisa
asthma,n. si-fuba semoya
stonish,v.t. (ku)-mangalisa
astray,a. (go~) (ku)-lahleka#
astronomy,n. si-fundvo ngesi-bhakabhaka
asylum,n. 1. (refuge): um-tfunti wekubalekela # 2. (menal ~): si-bhedlela setinhlanya
at,prep. 1. en-# 2. ku-# 3. nga-/nge-/# 4. ka-
atmosphere,n. umoya lombonye umhlaba
atrocity,n. bu-dlova lobusabekako
attach,v.t. (ku)-hlanganisa
attack,v.t. (ku)-sukela# (ku)-hlasella# (ku)-dvumela
attacker,n. um-sukeli /ba-
attain,v.t. (ku)-finyelela
attempt,n. um-etamo /im-
attempt,v.t. (kw)-etama# (ku)-linga
attend,v. 1. (be there):(ku)-ba khona# 2. (pay attention):(ku)-caphela# (ku)-lalela# 3. (~to# deal with): (ku)-phata
attest,v. (ku)-fungisa
attitude,n. si-mo /ti-
attonrney,n. um-meli /ba-
attract,v.t. (ku)-dvonsa
attractive,a. (be ~) (ku)-bukeka# (ku)-khaba v.i.
auction,n. indali yekubhida
audible,a. (be ~) (ku)-vakala v.i. 
audience,n. ba-laleli
auditor,n. umhloli wema-akhawunti
August,n. i-Nchi
aunt,n. anti /bo-# (father’s sister): babekati /bo-. (mother’s lder sister): make-lomkhulu /bo-# (mothers’ younger sister): make-lomncane /bo- 
author,n. umbhali /ba-
authorise,v.t. (ku)-vumela
authority,n. li-gunya
automatic,a. (be ~) (ku)-tentekela v.i
autumn,n. li-kwindla
available,a. (be~) (ku)-tfolakala v.i.
avenge,v.t. (ku)-phindzisela
avert,v.t (ku)-vimbela# (ku)-vika
avocado,pear n. li-kotapeni /ema-
avoid,v.t. (ku)-gega
await,v.t. (ku)-lindzela
awake,v.t. (ku)-vuka
awaken,v.t. (be ~) -vukile
away,adv. (far ~): khashane# (go ~): (ku)-hamba# (kw)-esuka# (kw)-emuka. (take ~): (kw)-esusa
awl,n. lu-sungulo /tin-
axe,n. li-zembe /ema# (battle ~): si-zeze /ti-
axle,n. um-phini welisondvo
babble,v.i. (ku)-hhema
baboon,n. im-fene /tim
baby,n. um-ntfwana /ba-# lu-swane/tin-
bachelor,n. im-phohlo /tim-
back,n. (of body) um-hlana /imi-
back,adv. emuva. (come ~): (ku)- buya. (go ~): (ku)-buyela
backbone,n. um-gogodla /imi- 
bacon,n. bhekeni /bo-
bad,a. -bi. (go/be~# rotten# sour): (ku)-bola /-bolile v.i
badly,adv. kabi
bag,n. (leather ~): si-khwama /ti-# (paper ~): li-phakethe /ema-# (sack): li-ska /ema-# (shopping ~ or rucksack): bhake /bo-# (suitcase): li-putumende /ema-
bail,n. li-bheyile
bake,v.t. (ku)-bhaka
baker,n. um-bhaki /ba-
bakery,n. li-bhikawozi /ema-
bald,head n. im-phandla /tim-
bale,n. libhele /ema -
ball,n. li-bhola /ema-
ball-pen,n. i-bholupheni /ema-
balloon,n. li-bhamuta /ema-
bamboo,n. um-hlangamlambo /imi-
ban,v.t. (kw)-alela
banana,n. bhanana /bo-
band,n. li-bhande /ema-# (musical ~~): li-bhendi /ema-
bandage,n. li-bhandishi /ema-
bangle,n. li-jiva /ema-# li-songo /ema-
banish,v.t. (ku)-dzingisa# (ku)-cosha
bank,n. lu--dvonga /tin-# (financial ~): li-bhange /ema-
banknote,n. i-mali yeliphepha; si-khova /ti-
bankrupt,a. (become/be ~) (ku)-shona/-shonile v.i.
bankruptcy,n. um-shono 
banns,n. si-memetelo semshadvo
baptise,v.t. (ku)-babhatisa
baptist,n. um-bhabhatisi /ba-
bar,n. um-gcala/imi-# (for liquor): li-bhala /ema-
barb,n. li-nyeva /ema-
barbed,a. -nemanyeva 
barber,n. um-gundzi /ba-
bark,n. li-gcolo /ema-
bark,v. (ku)-khonkhotsa
barrel,n. um-phongolo /imi-
barrier,n. si-tsiyo /ti-
barrow,n. li-bhala /ema-
barter,v.t. (kw)-enanisa
basin,n. bhesini /bo-
basis,n. si-sekelo /ti-
basket,n. li-bhasikidi /ema-# mantji /bo-
bat,n. li-lulwane /ema-
batch,n. um-culu /imi-
bath,n. libhavu /ema-
bathe,v.i. (ku)-bhukusha; v.t. (ku)-hlamba
bathroom,n. i-ndlu yekugezela
battery,n. i-bhetri /ema-
battle,n. i-mphi //ti-
battle-axe,n. si-zeze /ti-
battle-field,n. in-khundla yemphi
be,v. 1. (ku)-ba# 2. Many verbs impy ‘be’ in themselves e.g. gula ‘be sick’
bead(s),n. bu-hlalu
bean(s),n. li-bhotjisi /ema-
bear,n. li-bhele /ema-
bear,v.t. (ku)-tfwala# (~fruit): (ku)-tsela# (~offspring): (ku)-tala# (ku)-beletsa
beard,n. in-tjweba /tin-
beast,n. (wild ~) si-lo /ti- # (of cattle): in-khomo /ti-
beat,v.t. (ku)-shaya# (defeat): (kw)-ehlula# (ku)-ncoba
beautiful,a. -hle
beauty,n. bu-hle# bu-khwa
because,conj. ngoba
beckon,v.t. (ku)-khweba
become,v.t. (ku))-ba
bed,n. um-bhedze /imi-
bedbug,n. i-mbungulu /ti-
bedding,n. tin-gubo tekulala
bedpan,n. si-kigi /ti-
bedtime,n. si-khatsi sekulala
bee,n. i-nyosi /ti-
beef,n. i-nyama yenkhomo# (corned ~): i-mbiva
beer,n. (trad. ~) tjwala# (European ~): bhiya /bo-
beeswax,n. um-tfwebeba
beetle,n. li-bhungane /ema-
before,adv. embili; embi kwe-/kwa-# (previously): kucala
beg,v.t. (ku)-ncenga# (~pardon): (ku)-colisa
beget,v.t. (ku)-tala
beggar,n. si-ncengi /ti-
begin,v.t. (ku)-cala
beginner,n. lo-sacala /laba-
beginning,n. ku-cala# (at the ~): ekucaleni
behave,v.i. (ku)-tiphatsa# (ku)-timisa
behind,adv. emuva kwe-/kwa- 
belch,v. (ku)-bhodla
belief,n. li-tsemba /ema-# lu-kholo /tin-
believe,v.t (ku)-kholwa (~ -r): li-kholwa /ema-
bell,n. in-simbi /tin-
bellow,v.i. (as bull): (ku)-bhonsa# (as cow): ((ku)-khonya
belly,n. si-su /ti-
beloved,a. -tsandzekako 
below,adv. phansi# phasi# ngaphani# +kwe-/kwa-
belt,n. li-bhande /ema-
bench,n. li-bhentji /ema-
bend,v.i. (ku)-goba.# (~ doown): (ku)-khotsama; v.t. (ku)-gobisa
beneath,adv. -nelusito 
beneficial,a. -nelusito
benefit,n. lu-sito /tin-
berry,n. lu-hlavu /tin-
beside,adv. eceleni ne-/na-
besides,adv. etikwaloko
best,a. -ncono kukokonkhe
bet,b.t. (ku)-bheja
better,a. -ncono
between,adv. emkhatsini kwe-/kwa-
beware,v.t. (ku)-caphela
bewilder,v.t. (ku)-dzidza
bewitch,v.t. (ku)-phosa# (ku)-loya# (ku)-sakatsa
behond,adv. ngale (+ kwe-/kwa# gnesheya
bible,n. li-Bhayibheli /ema-biceps n. tin-khonyane
bicycle,n. li-bhayisikili /ema-
big,a. -khulu
bile,n. i-nyongo
bilharzia,n. lu-khuba# i-chenene
biltong,n. um-ncweba
bind,v.t. (ku)-bopha
bird,n. i-nyoni /ti-
birth,n. ku-talwa# (give ~): (ku)-beleka v.t.
birthday,n. lu-suku lokutalwa
birthmark,n. um-khangu /imi-
birthplace,n. lapho inhaba ikhona
bicuit,n. li-bhisikiti /ema-# (hard ~): um-catsane /imi-
bit,n. (piece) lucetu /tin-# (for drilling holes): li-bhola /ema-
bite,v.t. (ku)-luma 
bishop,n. um-bhishobhi /ba-
bitch,n. i-nja lensikati
bitter,a. (be~) (ku)-baba v.i.
black,a. -mnyama# -ntima
blackboard,n. li-bhulekibhodi /ema-
blackjack,n. chuchuza /bo-
blacksmith,n. um-khandzi wetinsimbi
bladder,n. si-nye semchamo
blade,n. (of grass) lu-dvwani /tin-# (razor ~): in-singo /tin-# (knife~): ku-dla kwemukhwa
blame,v.t. (ku)-sola
blanket,n. in-gubo /tin-
blaze,v.i. (ku)-vutsa
bleed,vi.i. (k)-opha
bless,v.t. (ku)-busisa
blind,person n. i-mphumphutse /ti-
blink,v.i. (ku)-cwabita
blister,n. li-bhamuta /ema-
block,(of wood) n. si-phunti /ti-
block,v.t. (ku)-vimba
blood,n. in-gati# (~vessel): un-tambo /imi-
bloom,v.i. (ku)-bhahela# (ku)-khahlela
blow,v.t. (ku)-phuphutsa# (~the nose): (ku)-finya
blue,a. -luhlata njengesibhakabhaka# (dar~): -lingangane
bluegum,tree n. gomu /bo-
blunt,a. -butfutfu 
board,n. li-bhodi /ema-
boast,v. (ku)-bhodlela# (ku)-tidvumisa
boat,n. si-kebhe /ti-
body,n. um-timba /imi-
Boaer,n. li-Bhunu /ema-
bog,n. li-chaphoti /ema-
boil,n. li-tfumba /ema-
boil,v.i. (ku)-bila; v.t. (ku)-bilisa
bold,a. -nesibindzi 
bolt,n. li-bhawoti /ema-
bone,n. li-tsambo /ema-
book,n. i-ncwadzi /ti-
book,b.t. (ku)-bhuka
boot,n. li-bhutsi /ema- (gum-~): li-gwanazi /ema-
border,n. umncele /imi-# um-nyele /imi-# um-khawulo /imi
bore,v.t. (drill) (ku)-bhola# (ku)- bhobosa.# (tire): (ku)-khatsata# (ku)-dzina
born,(be~) v.pass. (ku)-talwa
borrow,v.t. (ku)-boleka# (~from …: lender n. takes loc.)
both,pr. bobabili# totimbili
bother,n. in-khatsato /tin-# in-hlupho /tin-
bother,v.t. (ku)-khatsata# (ku)-hlupha
Botswana,n. eButjwana
bottle,n. li-bhodlela /ema
bottle-opener,n i-opena /ema-
bounce,v.i. (ku)-gcuma
boundary,n. um-ncele /imi-# um-nyele /imi# um-khawulo /imi-
bow,n. (~ & arrow): bu-tjoki# (trad. musical ~): makhweyane /bo-# li-gubhu /ema-# (knot): li-findvo
bow,v.i. (stooop) (ku)-khotsama
bowel,n. li-tfumbu /ema-
bowl,n. si-tja /ti-# in-dishi /tin-
box,n. li-bhokisi /ema-
boy,n. um-fana /ba-# li-jele /ema-
bracket,n. (support) si-sekeloo /ti-# (parentheses) ba-kadi
brain,n. bu-chopho
brake,n. li-bhiliki /ema-
bran,n. tim-phepha
branch,n. li-gala /ema-
brand,n. (owner’s mark) lu-phawu/tim-
brand,v.t. (ku)-beka luphawu# (ku)-shisa
brass,n. li-tfusi /ema-
brasserre,n. i-bhodi /ema-
brave,a. -nesibindzi
bravery,n. si-bindzi
brawl,n. lu-dvwishi /tin-
bread,n. sinkhwa /ti-# um-khama/imi-
breadth,n. bu-banti
break,vi.i (ku)-gamuka# (kw)-ephuka; v.t. (ku)-gamul# (kw)-ephula
breakfast,n. li-bhulakisifesi /ema-
breast,n. (ffemale ~) li-bele /ema-# (chest): si-fuba /ti-
breath,n. umphefumulo /imi-
breathe,v. (ku)-phefumela
breeze,n. u-moyana /bo-
brew,b.t. (lu)-phisa# (ku)-vubela
bribe,v.t. (lu)dizela# (ku)-fumbatsisa
brick,n. sitini /ti-
bride,n. makoti /bo-
bridegroom,n. umyeni /ba-
bridge,n. li-bhuloho /ema-
bridle,n. li-tomu /ema-
brief,a. -fisha# -fishane
briefly,adv. kafishane 
bright,a. -cwebetelako 
bring,v.t. (ku)-letsa# (~up): (k)-ondla# (ku)-khulisa
British,a. -emaNgisi (poss. st.)# (~ persion): li-Ngisi /ema-
broad,a. -banti
broadcast,v.t. (ku)-sakata
broken,a. -ephukile 
brood,v. (ku)-fukama
brook,n. um-fudlana# umtfonjana /imi-
broom,n. um-shanyelo /imi-
brother,n. bhuti /bo-# (my ~): u-mnaketfu /bo-# (yours ~): u-mnakenu /bo-# (his/her ~): umnakabo /bo-
brow,n. li-bunti /ema-
brown,a. -nsundvu 
bruise,n. um-tfubulelo /imi-
brush,n. li-bhulashi /ema-
brush,v.t. (kw)-esula# (ku)-bhulasha# (~teeth): (ku)-hlukuhla
brutal,a. -nelunya
brutality,n. lu-nya
bubble,n. ligwebu /ema-
buffalo,n. i-nyatsi /ti-
bug,n. (beetle) li-bhungane /ema- # (bed - ~): i-mbungulu /ti-
build,v.t. (kw)-akha
builder,n. um-akhi /b-akhi
building,n. (constructing) kw-akha# (edifice): i-ndlu /ti-
bulb,n. si-chatsa /ti-
bulge,v.i. (ku)-dvumba# (ku)-cumba
bull,n. i-nkunzi /ti-
bulldog,n. li-bhidogo /ema-# bhova /bo-
bullet,n. in-hlavu /tin-
bullock,n. in-khabi /tin-
bun,n. li-bhanisi /ema-
bunch,n. si-tfungo /ti-
bundle,n. i-nyandza /ti-
burden,n. umtfwalo /imi-
burglar,n. um-gceketi /ba-
burgle,v.t. (ku)-gceketa
burial,n. um-ngcwabo /imi-
burn,v.t. (ku)-shisa; v.i. (ku)-sha
burst,v.i. (kuu)-chuma
bury,v.t. (ku)-ngcwaba# (ku)-figla
bus,n. i-bhasi /ema-
bush,n. li-hlatsi /ema-
bushbaby,n. si-ngwe /ti-
bushbuck,n. i-mbabala /ti-
Bushman,n. umu-tfwa /ba-# si-chwe /ti-
bushveld,n. li-hlanze /ema-
business,n. i-bhizinisi  /ema-# (affair): in-dzaba /tin-
busy,a. (be ~)v. (ku)-ngcingcitela
but,conj. kodvwa# kepha
butcher-bird,n. li-lunga /ema-
butchery,n. li-silaha /ema-
butter,n. li-bhotela
butterfly,n. lu-vivane /tim-
buttock,n. si-bunu /ti-
button,n. li-kinobho /ema
buy,v.t. (ku)-tsenga
buyer,n. um-tsengi /ba-
by,prep. 1.(~ means of ) nge-/nga-(adv. )# 2. (agent after pass. v.): ngu-# yi-# 3. (near): kudvute ne-/na-
cabbage,n. li-khabihi /ema-
cable,n. in-dophi yensimbi# (telegram): lu-cingo /tin
cafe,n. li-khefi /ema-
cake,n. li-khekhe /ema-
calabash,n. 1.(edible ~): li-selwa /ema-# 2.(utensil): si-gubhu /ti-# 3. (for thick milk): in-gula /tin-
calamity,n. s-ehlakalo /t-
calf,n. li-tfole /ema-
call,v.t. (ku)-bita
calve,v. (ku)-bhacata
camp,n. in-kambo# inkambu /tin-
can,n. si-kotela /ti-# (milk~): li-kani /ema-
can,v. (know how to ): -kwati ku- (+v.)# (may): -nga-
canal,n. um-sele wemanti
cancer,n. si-mila /ti-# um-hlata
cangle,n. li-khandlela /ema-
candy,n. li-swidi /ema-
cane,. in-dvuku lelula# (sugar ~): um-hoba
cane-rat,n. li-vondvo /ema-
cannibal,n. li-jabhane /ema-
cannon,n. in-ganono /tin-
can-opener,n. i-opena /ema-
cap,n. li-kepisi  /ema-
capital,n. (~ city): in-hlokodolobha/tin-# (~ letter): feleba /bo-
captain,n. kaputeni /bo-
captive,n. si-tfunjwa /ti-
capture,v.t. (ku)-tfumba
car,n. i-moto /ti-
caravan,n. i-kharavani /ema-
carcas,n. si-dvumbu /ti-# in-gcuba /tin-
card,n. li-khadi /ema-
cardboard,n. li-khadibhokisi
care,n. bu-naka# ku-caphela# (take ~): v. (ku)-naka# (ku)-caphela# (take ~ of): (ku)-nakelela# (ku)-gcina# (ku)-bhasobha
careful,a. (be ~): v. (ku)-caphela# (ku)-naka
carefully,adv. ngebunaka# ngekucaphela; kahle
carelessness,n. bu-dlabha
caretaker,n. um-boniseli /ba-
carpenter,n. um-bati wemapulango; um-ciji /ba-
carrot,n. li-khelotsi /ema-
carry,v.t. (ku)-tfwala#  (~ on the back): (ku)-mema# (~ in hand): (ku)-phatsa# (~ on shoulder): (kw)-etjatsa# (~on# continue): (ku)-chubeka 
cart,n. in-kalishi /tin-
carton,n. li-kasi /ema-
carve,v.t. (ku)-bata# (~meat): (ku)-coba
case,n. (box): li-bhokisi /ema-# (law ~): li-cala /ema-# (suit-~): li-putumende /ema-# (in ~ # lest): funa # na # uma
cash,n. i-maliphansi
cask,n. um-phongolo /imi-
cast,v.t. (ku)-jikijela# (mould): (ku)-bumba# (~skin): (kw)-ebuta
castrate,v.t.. (ku)-phakula
casualty,n. in-khubela /tin-
cat,n. kati /bo-
catapult,n. si-dubulelo /ti-
catch,v.t. (ku)-bamba# (as a ball ): (ku)-ncaka# (trap: (kw)--etsiya
catch,n. (door-~): li-velevele /ema-
caterpillar,n. si-bungu /ti-
cattle,n. ti-nkhomo
cause,n. si-susa /ti-
cause,v.t. (ku)-banga# (~ to): use; v.ext. -is- eg bonisa < bona ‘see’
caution,n. ku-caphela
caution,v.t. (ku)-cwayisa
cave,n. um-hhome /imi-
ceiling,n. i-silingi /ti-
cement,n. semende /bo-
cemetery,n. ema-ngcwabeni# ema-dlizeni
census,n. ku-balwa kwebantfu# lu-balo
cent,n. li-senti /ema-
centipende,n. in-khume /tin-
centre,n. um-khatsi /imi-# (in the ~): emkhatsini
center,n. um-khatsi /imi-# (in the ~): emkhatsini
century,n. li-khulu leminyaka
ceremony,n. umkhosi /imi-# (Annual National ~ of Swaziland): in-cwala /tin-# (Annual Reed ~): um-hlanga /imi-
certificate,n. si-tifiketi /ti-
certify,v.t. (ku)-cinisa
chafe,v.t. (ku)-khuhla
chain,n. lu-ketamo /tin-
chair,n. si-hlalo /ti-# si-tulo /ti-
chairman,n. um-gcinisihlalo /ba-
chalk,n. i-shoki /ti-
chameleon,n. lu-nwabu /ti-
chance,n. li-tfuba /ema-
change,n. in-gucuko /tin-# (money): in-tjintji# lu-hlweta
change,v.i. (ku)-gucuka; v.t. (ku)-gucula# (ku)-ntjintja
chant,n. si-ga /ti-
chapter,n. s-ahluko /t-
character,n. s-ahluko /t-
character,n. si-milo/ti-# lu-hlobo /tin-
charge,v.t. (~ money): (ku)-bita imali# (accuse): (ku)-beka licala# (attack): (ku)-dvumela
chase,v.t. ku-cosha# (ku)-ukela# (ku)-tingela# (ku)-takela
chaste,a. -msulwa 
chatter,v.i. (ku)-ceketsa
cheap,a. (be ~) v.i. (ku)-shipa /-shiphile
cheat,v.t. (ku)-yenga# (ku)-khohlisa
check,n.t. (stop): (ku)-vimba# (inspect): ku-hlolisisa
cheek,n. si-hlatsi /ti-
cheeky,a. (be ~ ) v.i. (kw)-eyana# (kw)-edzelela
cheer,v.t. (gladden): (ku)-jabulisa# (applaud): (ku)-shaya lihlombe
cheese,n. shisi /bo-
chemist,n. um-khemisi /ba-# (~shop): li-khemisis /ema-
cheque,n. li-sheke /ema-
chest,n. si-fuba /ti-; li-bhokisi /ema-
chew,v.t. (ku)-hlafuna# ( ~ the cud): (ku)-hlabula
chicken,n. (young): li-ntjwele /ema-# (adult): in-khukhu /tin-
chickenpox,n. in-ncubulundvwane
chief,n. sikhulu /ti-
child,n. um-ntfwana /ba-
childbirth,n. ku-beleka
chilli,n. pelepele /bo-
chimney,n. shimela /bo-
chin,n. si-levu /ti-
chip,n. si-cephu  /ti-# (potato ~): ema-shipisi
choir,n. li-kwaya /ema-
choke,v.t. (ku)-nkliya
choose,v.t. (ku)-khetsa
chop,v.t. (ku)-bandza# (ku)-candza# (~down# fell): (ku)-gawula
Christ,n. Khrestu 
christen,v.t. (kw)-etsa
Christian,n. li-kholwa /ema-
Christianity,n. buu-kholwa
Christmas,n. Khisimusi /bo-
church,n. li-sontfo /ema-
churn,v.t. (ku))-phehla
cigarette(s),n. sikilidi /bo-
cinema,n. i-bhayisikobho /ema-
circle,n. si-hlengele /ti-# in-dzingiliti /tin-
circumcise,v.t. (ku)-soka
circus,n. li-selekisi /ema-
citizen,n. s-akhamuti /t-
city,n. li-dolobha lelikhulu
civilization,n. im-phucuko
class,n. li-klilasi /ema-; (noun ~): si-gaba selibito /ti- / tema-
classify,v.t. (ku)-klelembisa
claw,n. lu-zipho /tin-
clay,n. li-bumba
clean,a. -hlantekile# -hlobile (v.perf.st.)
clean,v.t. (ku)-hlanta# (ku)-hlobisa# (~ teeth): (kku)-cubha# (become /be ~): v.i. (ku)-hlanteka / -hlantekile# (ku)-hloba /-hlobile
clear,a. -sebala# (be ~ ): v.i. (ku)-khanya
clear,v.t. (kw)-esusa
clerk,n. mabhalane /bo-
clever,a. (be ~) v.i. (ku)-hlakanipha/ -hlakaniphile; (ku)-khalipha / -khaliphile
cliff,n. li-wa/ ema-
climb,v.t. (lu)-khwela
clinic,n. i-kliliniki /ema-
clock,n. li-washi /ema-
clod,n. li-gadze /ema-
close,a. -fishane; adv. kudvute
close,v.t. ku)-vala# (ku)-ngcinya
clot,n. li-hwlili /ema-
cloth,n. in-dvwangu /tin-
clothe,v.t. (ku)-gcokisa# (be clothed in ): (ku)-gcoka
clothes,n. tin-gubo
cloud,n. li-fu /ema-
club,n. (wooden ~): s-agila /t-# (social ~): i-klilabhy /ema-
coal,n. li-lahle /ema-
coat,n. libhantji /ema-
cob,n. (maize ~~) si-khwebu /ti-
cobbler,n. shumeka /bo-
cobra,n. im-feti /tim-
cock,n. li-chudze /ema-
cockroach,n. li-phela /ema-
coffee,n. li-khofi /ema-
coin,n. lu-hlavu /in-
cold,n. ema-khata# (be ~): v.i. (ku)-bandza# illness): n. um-khuhlane /imi-# (~ drink): i-namadedi /ti-
collapse,v.i. 1.(of building ): (ku)-bhildika# 2. (of a person): (ku)-dzimleka
collect,v.t. (ku)-butsa
collide,v. (ku)-shayana# (ku)-ngcundzana
colon,n. li-bhobho //ema-
colour,n. umbala /imi-
color,n. umbala / imi-
Coulored,peron n. um-Cwalatje /ba-
comb,n. li-kamo /ema-
combination,n. in-hlangano /tin-
combine,v.i. (ku)-hlangana# v.t. (ku)-hanganisa# (ku)-hlanganisela
come,v.i. (ku)-ta# (ku)-fika# (~ back): (ku)-buya# (~ in): (ku)-ngena# (~out): (ku)-phuma# ((~ from ): (ku)-vela# (ku)-chamuka# (ku)-phuma# (~near): (ku)-sondzela 
comfort,v.t. (ku)-dvudvuta
comfortable,a. (be ~) v.i. (ku)-hlaliseka
command,v.t. (order): (ku)-khuta# (be in ~ of): (ku)-phatsa
commander,n. in-dvuna /tin-
commandment,n. um-yaloo /imi-
commennce,v. (ku)-cala
commerce,n. imi-sebenti yekutsengiselana
commit,v.t. (kw)-enta
committee,n. i-komidi /ema-
common,a. -vamile (v.perf.st.)
comanion,n. um-pheleketeli /ba-
compare,v.t. (ku)-linganisa
compass,n. si-khoba-magumbu
compel,v.t. (ku)-cindzetela# (ku)-phoca
compensate,v.t. (ku)-vuza
compensation,n. um-vuzo /imi-
competition,n. um-ncintisano /imi-
compile,v.t.  (ku)-hlanganisela
complain,v. (ku)-khonondza# (ku)-khala
complaint,n. si-khalo /ti-
complete,v.t. (ku)-cedza
compose,v.t. (ku)-camba# (ku)-haya# -hwaya
compost,n. lu-vundzela /tim-
compress,v.t. (ku)-fica# (ku)-cindzetela
conceal,v.t. (ku)-fihla# (ku)-tfukusa
conceive,v. (ku)-khulelwa# (imagine): (ku)-cabanga
concentrate,v. (ku)-cabangisisa
concerning,conj. mayelana ne-/na-
concert,n. um-culo /imi-# ikhosanthi# ema-
concrete,n. khonkholo /bo-
concord,n. (gram.) si-vumelwano /ti-
condemn,v.t. (ku)-gweba# (ku)-lahla
condensed,milk n. khondeni /bo-
condition,n. bu-njani
conduct,n. ku-tiphatsa; umkhuba /imi-
conductor,n. (of bus) um-holeli /ba-# (of muic): um-bhithisi /ba-
conference,n. um-hlangano /imi-
confess,v.t. (ku)-vuma
confirm,(v.t. (ku)-cinisa
congratulate,v.t. (ku)-bongela
congregation,n. si-cuku /ti-
connect,v.t. (klu)-hlanganisa
conquer,v.t. (ku)-ncoba
conscience,n. (guilty ~) s-atelo /t-
conscious,a. (be ~)v. (ku)-phaphama /-eme
consecutive,a. (be ~)v. (ku)-landzelana
consent,v. (ku)-vumela. n. im-vume
consdeequence,n. um-phumela //imi-
conserve,v.t. (k)-onga
consider,v.t. (ku)-cabanga
consonant,n. ngwaca /bo-
conspire,v. (ku)-ceba
constipated,a. -cumbile 
construct,v.t. (kw)-akha
consult,v.t. (ku)-bonisana# (ku)-butisana# (ku)-cocisana
consume,v.t. (ku)-dla
contain,v.t. (ku)-phatsa / -phetse
container,n. (calabash ~): si-gubhu /ti-# (metal ~): si-tulutulu /ti-
contemporary,a. -simanjemanje (poss.wst)
contiually,adv. njalo
continue,v. (ku)-chebeka
contraception,n. ku-vimba kwentalo
cntract,n. si-vumelwane /ti- # in-khonto /tin-
contract,v.i. (ku)-ncipha
contradict,.v.t (ku)-phikisa
contribution,n. um-nikelo /imi-
contrive,v. (ku)-ceba
control,v.t. (ku)-phatsa
conversation,n. in-khulumo /tin-
converse,v.i. (ku)-coca
control,v.t. (ku)-phatsa
conversation,n. in-khulumo /tin-
converse,v.i. (ku)-coca
convert,v.t. (ku)-gucula# (ku)-phendvula
convey,v.t. (ku)-tfutsa# (ku)-phatsa
convince,v.t  (kw)-enelisa
cook,v.t. (ku)-pheka
cook,n. um-pheki /ba-
cool,a. (get/be ~)v.i. (ku)-phola / -pholile# v.t (ku)-pholisa
co-operate,v. (ku)-sebentisana# (ku)-sitana
co-operative,society n. lu-bambiswano
copper,n. li-tfusi
copulate,v. (as humans ) ku)-lalana# (extra-marital# or as dogs): (ku)-phinga# (as in cattle): (ku)-khwela# (other animals): (ku)-zeka# -bhebha
copulative,n. si-banjalo (ram.tem)
copy,v.t. ku)-lingisa# (ku)-bonela
cord,n. in-tsambo /tin-
cork,n. khokho# (stopper): si-vimbo ti-
corkscrew,n. si-kulufu ti-
corn,n. (wheat) kolo# (maize): um-mbila# (sorghum): ema-bele
corned,beef n. i-mbiva
corneer,n. li-jika ema# li-khona /ema-# (~ of road): li-khona /ema-
corpse,n. si-dvumbu /ti-
correct,v.t. (ku)-lungisa# v.i. (be ~): (ku)-lunga -lungile # (be true): (ku)-cinisa -- cinisile
corrugated,iron n. thayela / bo-thayela# ngcwengwe /bo-
cost,n. in-tsengo /tin-
cosgt,v.t. (ku)-bita
costly,a. (be ~) v.i. (ku)-dula / -dulile
cotton,n. ktotini /bo-# (thread): um-tiya
cotton-wool,n. volo /bo-
cough,v. (ku)-khwehlela
could,v. (p.t.<’can’# q.v.).
council,n. li-bandla /ema-# (inner ~): li-coco /ema-
count,v.t. (ku)-bala
country,n. li-ve /ema-
couragfe,n. si-bindzi
course,n. in-dlela /tin- (of ~) adv. vele 
court,n. in-kantolo /tin-
court,v.t. (ku)-som
cousin,n. 1. (cross -~): mzala / bo-# 2. (parallel ~): u-mna- /bo- 
cover,n. si-mbonyo /ti-
cover,v.t. (ku)-mbonya
covet,v.t. (ku)-fisa
cow,n. in-khomati /tin-
cowward,n. li-gwala /ema-
crab,n. in-khala /tin-
crack,v.i. (ku)-klatuka# (ku)-dzabuka# v.t. (ku)-klatula# (ku)-dzabula
crawl,v.i. (ku)-khasa
cream,n. lu-lata; um-lata
create,v.t. (ku)-dala# (kw)-enta
creator,n. um-dali /ba-
creature,n. si-dalwa /ti-
creep,v.i. (ku)-khasa# (ku)nyonyoba
cricket,n. i-nyekevu /ti-
cripple,n. si-chwala /ti-# si-hola / ti-
criticize,v.t. (ku)-sola
crochet,v.t. (ku)-kolosha
crockery,n. ti-tja
crocodile,n. in-gwenya /tin-
crop,n. si-limo /ti-# si-vuno /ti- 
cross,n. si-phambano /ti-
cross,a. (get/be ~) v.i. (ku)tfukutsela /-tfukutsele
cross,v.t. (ku)-wela# (kw)-engca# (~ out): (ku)-cima ngemudvwa
cross-examine,v.t. (ku)-phenya
corss-roads,n. (at the ~) loc. n. esi-phambanweni
crouch,v.i. (ku)-khukhubala
crow,n. li-hhabayi /ema-
crowbar,n. um-gcala /imi-
crowd,n. si-cuku /ti-# in-cumbi
crucifix,n. si-phambano /ti-
crucify,v.t. (ku)-betela esiphambanweni
cruelty,n. lu-nya
crumb,n. im-vutfu /tim-
crush,v.t. (ku)-pitjita
crust,n. lu-cwencwe /tin-
cry,n. si-khalo /ti-
cry,v. ku-khala
cultivate,v.t. (ku)-lima
culture,n. si-mo sempucuko # um-simeto
culvert,n. um-sele /imi-
cunning,n. bu-cili
cup,n. in-komishi /tin-
cupboard,n. li-khabethi /ema-
curb,v.t. (ku)-tsiba
cure,v.t. (kw)-elapha# (ku)-sindzisa
currency,n. i-mali
curse,n. si-calekiso /ti-
curse,v.t. (ku)-calekisa# (kw)-etfuka
curtain,n. li-khethini /ema-
curve,v.i. (ku)goba /-gobile
custom,n. li-siko /ema-
cutomary,a. (be~)v.i. (ku)-vama /-vamile
cutomer,n. um-tsengi /ba-
customs,duty n. intsela
cut,n. um-siko /imi-
cut,v.t. (ku)-sika# (ku)-ncuma# (ku)-juba# (~hair or wool): (ku)-hhula# (~(meat): (ku)-coba
cut-worm,n. um-swenya /imi-
dagga,n. in-sangu
daily,adv. onkhe emalanga
dairy,n. li-deli /ema-
dam,n. in-kelebho /tin-
damage,v.t. (ku)-limata# (ku)-ona
damp,a. (get/be~)v.i. (ku)-butsa /-butsile
dance,v. (ku)-gidza# (ku)-dansa# (ku)-jjayiva
dance,n. um-gidvo /imi-# um-danco / imi-
danger,n. in-goti /tin-
dangle,v.i. (ku)-lenga# v.t. (ku)-lengisa
dark,a. -mnyama
darkness,n. um-nyama
darling,n. si-ngani /ti-
darn,v.t. (ku)-bekela# (ku)-chibela
dasie,n. i-mbila /ti-
date,n. li-langa lenyanga# (what ~ is it?): ti-ngakhi?
daughter,n. in-dvodzakati /tma-# (~ of.. ): u-msa wa-.. /bo-msa ba-..# (married ~ of..)): La-...(++ father’s name)
daughter-in-law,n. malukatana /bo-
dawn,v.i. (ku)-sa# (at~): kusasa
day,n. li-langa /ema-# lu-suku /tin-
daytime,n. (in the ~): e-mini (loc.n.)
dead,a.  (be ~):v.perf.st. -file# -bhubhile# (~person):umu-fi /ba-
deaf,person n. si-thulu /ti-
deal,v. 1. (~ in# sell): (ku)-tsengisa# 2. (deal out): (kw)-abela# 3. (deal with): (ku)-phata
dear,a. -tsandzekako (v. rel.st.)# (be expensive): v.i. (ku)-dula /-dulile
death,n. ku-fa
debt,n. si-kweleti /ti-
decay,v.i. (ku)-bola
deceive,v.t. (ku)-yenga# (ku)-khohlisa
December,n. i-ngongoni
deception,n. ema-cebo
decide,v.t. (ku))-ncuma# (ku)-juba
decision,n. si-ncumo /ti-# si-jubo /ti-
decompose,v.i. (ku)-bola
decorate,v.t. (ku)-hlobisa
deed,n. s-ento /t-# (bad~): s-ono /t-
deep,a. -shonile# -julile (v.perf.st.)
defeat,v.t. (kw)-ehlula# (ku)-ncoba
defecate,v. (ku)-nya# (ku)-bhosha# (ku)-kaka
defence,n. si-vikelo
defend,v.t. (ku)-vikela
defendant,n. um-mangalelwa //ba-
defer,v.t. (ku)-chubekisa
defile,v.t. (ku)-ngcolisa
define,v.t. (ku))-chasisa
definition,n. si-chasiso /ti-
deformed,a. (be ~)v.i. (ku)-chwala
defy,v.t. (kw)-eyisa
delay,v.i. (kw)-ephuta# (ku)-libala# v.t. (ku)-libatisa# (ku)-bambelela
delegate,n. sitfunywa /ti-
deliberately,adv. ngemabomu
delight,n. in-jabulo /tin-
delight,v.t. (ku)-jabulisa# -tfokotisa
delirium,n. ku-bbhudza
deliver,v.t. (ku)-niketa# (kw)-etfula# (as midwfe): (ku)-belekisa
demand,v.t. (ku)-buta ngenkhani
demon,n. li-dimoni /ema-
demonstrate,v.t. (ku)-tjengisa
dent,n. si-faca /ti-
dentist,n. dokotela wematinyo
deny,v.t. (ku)-phika# (kw)-ala
department,n. li-gala /ema-
depend,v. (~ on ) (kw)-etsemba
dependant,n. um-chinywa /ba-
deport,v.t. (ku)-cosha eveni
deposit,n. (sediment) in-sekese# (down payment): si-bambiso /ti-
depost,v.t. (ku)-beka
deprive,v.t. (kw)-emuka
depth,n. ku-shona
deputize,v. (ku)-bambela
deputy,n. um-phatseli /va-
descend,v. (kkw)-ehla# (kw)-ehlika
descendant,n. si-tukulwane /ti-
describe,v.t. (ku)-chasisa
description,n. si-chasiso /ti-
desert,n. lu-gangadvu /tin-
desert,v.t. (ku)-khubuka# (kw)-engca
deserter,n. li-hlubuka /ema-
desire,v.t. (ku)-funa# (ku)-fisa
desk,n. li-desiki /ema-
despair,v. (ku)-lahla litsemba
despise,v.t. (ku)-bukela phansi# (ku)-dzelela# (ku)-khobosa
dessert,n. phutsini / bo-phutsini
destroy,v.t. (ku)-chitsa# (ku)-bulala
detach,v.t. (kw)-ehlukanisa# (ku)-khipha
detain,v.t. (ku)-bambelela
detective,n. um-seshi /ba-# fokisi /bo-
detest,v.t. (kw)-enyanya# (ku)-tondzaa# (ku)-casukela
deviate,v.i. (ku)-hlanhlatseka# (ku)-phambuka
devil,n. sathane /vo-
dew, n. ema-tolo
diagram,n. um-fanekiso /imi-
diagram,n. um-fanekiso /imi-
diagnose,v.t. (ku)-bhula
diaphragm,n. lu-ntfu /ti-
diarrhoea,n. um-sheko (cl.3).
dictate,v.t. (ku)-bitela
dictionary,n. si-chazamagama /ti-
die,v.i. (ku)-fa# (ku)-bhubha# (ku)-shona
difference,n. um-ehluko /im-
different,a. (bbe ~)v.i. (kw)-ehlukanan /-ehlukene
differentiate,v.t. (kw)-ehlukanisa
difficult,a. -lukhuni (relst.)# -matima# -ntima
difficulty,n. bu-matima# i-ncaba /ti-# i-nkanankana /ti-
dig,v.t. (ku)-mba# (ku)-gubha
dignity,n. si-tfunti# i-nyongo
diligent,a. (be ~) v.i. (ku)-khutsala
dilute,v.t. (ku)-hlambulula
dim,a. (become/be ~)v.i. (ku)-fiphala /-fiphele
diminish,v.i. (ku)-ncipha# v.t. (ku)-nciphisa
dinner,n. li-dina /ema-
dip,v.i. (slpe down): (ku)-shona# v.t. (immerse): (ku)-cwilisa# (di up): (ku)-kha
dipper,n. in-dzebe /ti-
dipping,tank n. li-dibhi /ema -# li-damu /ema-
direct,v.t. 1. (guide): (ku)-khombisa# 2. (mange): (ku)-phatsa# 3. (order): (ku)-layela
direction,n. (course# way): in-dlela /tin-
director,n. um-phatsi /ba-
dirt,n. ku-ngcola# (body ~): in-sila
dirty,a. (get/be ~)v.i. (ku)-ngcola/ -ngcolisa
disagree,v. (ku) phambana
disappear,v.i. (ku)-shana# (ku)nyamalala
disappoint,v.t. (ku)-dvumata# (ku)-jabhisa
disappointed,a. (be ~)v.i. (ku)-jabha# (ku)-dumala /-dvumele
disaster,n. s-ehlakalo /t-
discard,v.t. (ku)-chitsa# (ku)-lahla
disciple,n. um-landzeli /ba-# um-fundzi /ba-
discipline,n. im-fundziso ykulalela
discover,v.t. (ku)-khanze
discriminate,v. (ku)-bandlulula
discuss,v.t. (ku)-coca 
disease,n. si-fo /ti-
disentangle,v.t. (ku)-tfukulula
disgrace,n. ema-nyala# lu-hlazo /tin-
disgust,v.t. (ku)-casula# 9ku)-nega
disgusted,a. (be ~)v.i. (ku)-casuka / -casukile
dish,n. si-tja /ti-# in-dishi /tin-
dishcloth,n. im-faduko /.tim-
dishonesty,n. ku-nga=etsembeki
disinfect,v.t. (ku)-hlanta ngemutsi
dislike,v.t. (kw)-enyanya
dislocated,a. (be `)v.i. (kw)-enyela /enyele
dislodge,v.t. (ku)-khipha 
disloyalty,n. bu-hlubuka
dismiss,v.t. (ku)-mukisa# (ku)-cosha
disobey,v.t. (kw)-eya
disperse,v.t. (ku)-hlakata
displace,v.t. (ku)-susa endaweni
display,n. um-bukiso /imi-
display,v.t. (ku)-bonisa# (ku)-veta
displeased,an. (be ~)v.i. (ku)-khonondza
dispose,of v.t. (ku)-lahla
disposition,n. si-milo /ti-
dispossess,v.t. (ku)-dzingiusa
dispute,n. im-phikiswano /tim-
dispute,v. (ku)-phika# (ku)-phikisa# (~ mutually): (ku)-phikisana
disregard,n. ku-nganaki
disrespect,n. ku-ngahloniphi
dissatisfied,a. (be ~)v.i. (ku)-hlunama /-hluneme# (kw)-enyela /-enyele
dissect,v.t. (ku)-cwiya
disseminate,v.t. (ku)-sakata
dissolve,v.i. (ku)ncibilika# v.t. (ku)-ncibikilisa
dissuade,v.t. (ku)-kalima
distance,n. li-banga /ema-
distant,a. khashane (adv. )# kudezeni
distinguish,v.t. (kw)-ehlukanisa
distinguished,a. (be ~))v.i. (ku)- dvuma /-dvumile
distress,n. lu-sizi /tin-
distress,v.t. (ku)dzabukisa
distribute,v.t. (kw)-aba# (kw)-abela
distribution,n. kw-abelwa# kw-ehlukanisela
district,n. si-godzi /ti-# (area): in-dzawo /tin-
District,Commisssioner n. Dinsi /bo-
distrust,n. ku-ngetsembi
disturb,v.t. (ku)-tsintsa# (ku)-phatamisa# (ku)-tsikatisa
disturbance,n. (tumult) si-phitsi /ti-
ditch,n. um-sele /imi- 
dive,v.t. (ku)-cwila#k (ku) -ntjuza
divert,v.t. (deflect ): (ku)-phambukisa# (amuse): (ku)-dlalisa
divide,v.t. (kw)-ehlukanisa# (~among): (kw)-abela
divine,v. (ku)-phengula# (ku)-bhula
diviner,n. s-angoma /t-
divulge,v.t. (ku)-veta
dizziness,n. si-yeti
do,v.t. (kw)-enta# (completed): (ku)-cedza# (do not …): musa .. (pl. musani .. ) + v. infin
doctor,n. dokotela /bo-dokotela# (trad. ~): i-nyanga
dog,n. i-nja /ti-
domestic,a. -sekhaya (poss. st. ). 
donation,n. um-nikelo /imi-# si-pho /ti-
donkey,n. i-mbongolo /ti-
door,n. um-nyango /imi--# si-valo /ti-
dose,n. si-linganio semutsi 
dot,n. li-cashati /ema-
double,v.t. (ku)-phindza kabili 
double,v.t. (ku)-ngababata
dove,n. li-tuba /ema-
down,adv. phansi # phasi# (further ~): entansi# entasi
dozen,n. li-dazinin /ema-
drag,v.t. (ku)-hudvula# (ku)-dvonsa
drain,n. li-dileni //ema-
drainpipe,n. li-phayiphi /ema-
draw,v.t. 1. (as water): (ku)-ka# 2. (pull): (ku)-dvonsa. 3. (~ a eapon):# 4. (~a picture): (ku)-dvweba
dread,n. lu-valo
dream,v. t. (ku)-bhudza# (ku)-phupha
dregs,n. in-sekese
dress,n. (clothing): in-gubo /tin-# (woman’s ~): li-logo /ema-
dress,v. (ku)--gcoka /-gcokile# (clothe): (ku)gcokisa
drift,n. li-tubuko /ema-
drink,n. loku-natfwako
drink,v.t. (ku)-natsa
drip,v. (ku)-tfonsa
drive,v.t. (ku)-shayela# (as livestock): (ku)-chuba
drive,v.t. (ku)-shayela# (as livestock): (ku)-chuba
driver,n. um-shayela# (as livestock): (ku)-chuba
driver,n. um-hayeli /ba-
drizzle,v.i. (ku)-khiza# (ku)-khemetela
droop,v.i.  (ku)-buna
drop,n. (of liquid) li-tfonsi /ema-
drop,v.i. (ku)-wa# v.t.  (ku)--wisa
drought,n. k-omisa kwelitulu# (there is ~): li-tulu lomisile
drum,n. (musical): si-gubhu /ti- (metal ~ ): um-gcoma /im-
drunk,a. (get /be ~)v. pass. (ku)-dzakwa /-dzakiwe
drunkard,n. si-dzkwa /ti-
dry,v.t. (k)-omisa# v.i. (get be ~): (k)-oma /-omile
duck,n. li-dada /ema-
dull,a. (be ~): v.i. (ku)-fiphala / -fiphele# (mentally ~): (k)-oma /-omile
dumb,person n. si-mungulu ;/ti-
dung,n. (dry ~): li-longwe /ema-# (fresh ~): bu-longwe# (manure): um-cuba (cl.3)
dust,n. lu-tfuli
dust,v.t. (ku)-tsintsitsa# (kw)-esula
dustbin,n. um-gcoma wetibi /imi-# ye-
duster,n. in-dvwangu yekwesula /tin-# t-
dwarf,n. si-chwe /ti-# si-ngcinyana /ti-
dye,v.t .(ku)-phendvula# (ku)-daya
dynamite,n. dalamede (cl. la). 
dysentery,n. um-sheko lonengati (cl. 3)
each,a.& pre. 1. lit. : ‘another and anther’# using adj. st. -ye# eg. (umuntfu) lomunye nalomynye (‘each person’)# (inkhabi) lenye nalenye (‘each ox’). 2. lit. ‘its’ that one and that one’# using dem.pre. # e.g. ngulowo nalowo (cl.1 or 3)# 3. use ‘all’ (q.v.)
each,other a. & pre. : use v. extn. -ana- 
eagerness,n. um-dlanhla (cl.3)
eagle,n. lu-khozi /tin-
earn.,1. (human ~): un-dlebe /tin-# 2. (of animal ): li-dlebe /ema -
early,adv. madinyane# ( ~ morning ): na kudzabuka kusa; ekuseni kakhulu
earn,v.t. (ku)-hola 
earnings,n. li-holo /ema-
ear-ring,n. li-cici /ema -
earth,n. um-hlaba /imi -# (soil): um-hlabatsi //imi-
earthquake,n. ku-tamatama kwemhlaba
earthworm,n. um-sundvu /imi-
easily,adv. kulula
east,n. um-phumalanga
easy,a. -lula (rel. st.)
eat,v.t. (ku)-dla
echo,v. (kw)-enanela
economize,v. (ku)-onga
eczema,. lu-khwekhwe
edge,n. li-cele /ema-# (at the ~): eceleni# (border): um-phetfo /imi-
edible,a. (be ~) v.i. (ku)-dleka
edit,v.t. (ku)-hlela
editor,n. um-hleli /ba-
educate,v.t. (ku)-fundzisa
education,n. im-fundvo
effect,n. um-phumela /imi-
effective,a. -sebentako (v. rel. st.)
efficiency,n. li-khono
effort,n. um-etamo /im-
egg,n. li-candza /ema-
eggshell,n. si-khumba selicandza
eight,a. -siphohlogno (rel. st.)# -sigobagalombili# -sishiyagalombili
eighteen,a. (use rel. ccd +): -lishumi nesiphohlongo
eighth,a. (use poss. ccd. +): siphohlongo
eighty,a. (use rel. ccd. +): -ngemashumi lasiphohlongo
either,.. or conj. noma .. noma
elastic,a. -nwebekako (v. rel. st.)# (~ band): i-lastiki /ti-
elbow,n. in-gcosa /tin-
eldest,n. (first-born): li-tibulo /ema-
elect,v.t. (ku)-khetsa
election,n. ku-khetfo //tin-
electricity,n. gezi (cl. la)
elephant,n. in-dlovu /tin-
elevate,v.t. (ku)-phakamisa
elevator,n. li-kheshi /ema-
eleven,a. (use rel. ccd. +): -lishumi nanye
eligible,a. (be ~) v.i. (kw)-enela /-enele
eliminate,v.t. (ku)-khipha# (kw)-esusa
elope,v. (kw)-engca# (ku)-baleka
else,adv. futsi# (anything ~): noma yini# (anyone ~): noma ngubani
elsewhere,adv. kulenye indzawo 
elucidate,v.t. (ku)-chasisa
emancipate,v.t. (ku)-khulula
embrace,v.t. (ku)-gona
embryo,n. si-bindzi sembewu /ti-# te-
emerge,v.i. (ku)-phuma
emphasize,v.t. (ku)-gcizelela
employ,v.t. (ku)-sebentisa
employee,n. si-sebenti /ti-
employer,n. um-cashi /ba-
employment,n. um-sebenti /imi-
empty,a. -ngenalutfo (rel. st.)
empty,v.t. (ku)-tfulula
encircle,v.t. (ku)-kaka
enclose,v.t. (ku)-biyela# (~ in the and ): (ku)-fumbatsa
encourage,v.t. (ku)-cungisa
end,n. si-gcino /ti-# ku-gcina# (at the ~): ekugcineni
end,v.i. (ku)-phela# (ku)-gcina# v.t. (ku)-cedza
enemy,n. si-tsa /ti-
energy,n. emandla
enforce,v.t. (ku)-phocelela
England,n. eNgilandi (loc. n. ))
English,n. si-Ngisi# (~person): li-Ngisi /ema-
enjoy,v.t. (ku)-javulela# (ku))-tfokotela
enlarge,v.t. (kw)-andzisa# (ku)-khulisa
enough,a. & pr. (be ~)v. (kw)-enela /-enele
enquire,v. (ku)-buta
enter,v.t. (ku)-ngena
enthusiasm,n. um-dlandla
entice,v.t. (ku)-yenga
envy,n. um-ona
envy,v.t. (ku)-khanuka# (ku)-hawukela
epilepsy,n. si-tfululwane
Epsom,salts n. i-gnisawoti
equal,a. (be ~)v.i. (ku)-lingana /-lingene
equaligty,n. ku-lingana 
equalize,v.t. (ku)-linganisa
equator,n. in-khaba yelive/yemhlaba
equip,v.t. (ku)-hlomisa
erase,v.t. (kw)esula# (kw)-esusa
eroded,a. (become/be ~) v.i. (ku)-gedvuka / -gedvukile
erosion,n. ku-gedvuka
error,n. si-phosiso /ti-
erupt,v. (ku)-cubuka# (ku)-chuma
escape,v. (ku)-baleka# (ku)-sindza
escort,v.t. (ku)-phekeletela
especially,adv. kakhulu
essential,a. (be ~) v.i. (ku)-funeka ( ~ point): n. in-dzikimba /tin-
establish,v.t. (ku)-misa# (kw)-akha
estate,n. (inheritance): li-fa /ema-# (housing ~): si-kompulazi /ti-
eternal,a. -phakadze (oss. st.)# -ngapheli (v. rel. st.)
eternally,adv. phakadze
etiquette,n. in-hlonipho
European,n. um-Lumbi /be-# um-Lungu / be -
evade,v.t. (ku)-gega
evaluate,v.t. (ku)-buketa# (ku)-linganisa
evangelist,n. um-vangeli /va-
evaporate,v.i. (ku)-hwamuka
even,a. (level# equal ): -lingene (v.. rel. st)
even,adv. ne-/na- ( n. /pr)# (~ if# ~ though ): noba# noma# nangabe
evening,n. (in the ~): adv. kusihlwa
event,n. s-entakalo /t-# (in sports): um-dlalo /imi-
eventually,adv. ekugcineni
ever,adv.. nanini# (for ~): phakadze
everlasting,a. -ngapheli (v.frel.st.)
every,a. -onkhe (quant. pr.st)# (~ day): onkhe emalanga# (~ time ): tonkhe tikhatsi
everybody,pr. bonkhe
everything,pr. konkhe# tintfo tonkhe
everywhere,adv. nakuphi-nakuphi; ontkhe tindzawo
evict,v.t. (ku)-khipha endlini
evidence,n. bu-fakazi
evident,a. (be ~) v.i. (ku)-bonakala/ -bonakele; -esebala (cop. st.)
evil,a. -bi# n. bu-bi
exact,a. -cinisile (v. rel .st)
exactly,adv. ngemplela
exaggerate,v. (ku)-khulisa# (kw)-andzisa
exalt,v.t. (ku)-phakamisa# (ku)-dvumisa
examination,n. ku-hlolwa
examine,v.t. (ku)-hlola# (~ medically): (ku)-popola
examiner,n. um-hloli /ba-
example,n. si-bonelo /ti-# si-fanekiso /ti-
excavate,v.t. (ku)-gubha
exceed,v.t. (kw)-endlula# (kw)-engca
exceedingly,adv. kahkulu kabi
excellent,a. -hle kakhulu
except,prep. ngaphandle kwe-/kwa-
exceptional,a. -ngakavami (v.rel.)
exchange,v.t. (kw)-enanisa# (ku)-ntinjja
excite,v.t. (ku)-vusa
exclaim,v. (ku)-babata
exclude,v.t. (ku)-vimbela# (ku)-valela ngaphandle 
excrement,n. ema-simba
excuse,n. si-tibo ti-
excuse,v.t. (ku)-colela# (~ me) interj. lucolo
execute,v.t. (perfom): (kw)-enta#k (apply deth sentence ): (ku)-bulala ngemtsetfo
exercise,n. (physical ~): kw-elula umtimba. (school work): um-sebenti /imi-
exhale,v. (ku)-khipha umphefumulo
exhibit,v.t (ky)-veta# (ku)-bonisa
exhibition,n. um--bukiso /imi-
exile,n. in-dzingiso
existence,n. ku-bakhona
expnand,v.i. (kw)-andza# (ku)-khula# v.t.  (kw)-andzisa# ((kw)-enweba
expect,v.t. (ku)-lindzela# (kw)-etsemba# (ku)-bheka
expel,v.t. (ku)-cosha
expensive,a. (be ~) v.i. (ku)-dula /-dulile ; (ku)-dvula /-dvulile
explain,v.t. (ku)-chaza
explaination,n. in-chazelo /tin-
explode,v.i. (ky)-chuma
explore,v.t. (ku)-hlola
export,v.t.  (ku)-tsengisa kulamanye emave 
expose,v.t. (ku)-veta# (ku)-dzlula
express,v.t. (ku)-sho# (ku)-ti
express,a. -phutfumako (v. rel. st.)# 
extend,v.i. (kw)-elula# v.t. (kw)-enweba
extension,n. s-elulo  /t-
extent,n. bu-banti
externally,adv. ngaphandle
extinguish,v.t. (ky)-cima# (ku)-cisha
extra,a. ngetulu (adv.)
extract,v.t. (ku)-khipha
extremely,adv . kakhulu
eye,n. li-so /eme-hlo
eyebrow,n. li-shiya /ema-
eyelash,n. lu-khophe /tin-
eyelid,n. li-jwaubu leliso /ema-# emehlo
eye-witness,n. si-bukeli /ti-# fakazi lobone ngemehlo
fable,n. in-simu /tin-# in-ganekwane /tiin-
face,n. bu-so
fact,n. li-ciniso /ema-
factory,n. i-fektri /ema-
fade,v.i. (ku)-buna# (ku)-phupha
feaces,n. ema-simba# ema-ngcoliso
fail,v. (kw)-ekhuleka
faint,v.i. (ku)-culeka# (ku)-dzimleka
faintly,adv. kancane
fair,a. 1. (light -colored): mhloshana# (rel.st.). 2. (just): -lungile (v.rel.st.)
faith,n. li-tsemba# lu-khonlo
faithful,a. (bbe ~)v.i. (kw)-etsembeka / -etsembekile
fall,v.i. (ku)-wa
faalse,a. -khohlisako (v.re.st.): -mbumbbulu (used after n.#  eg. libito -~ : ‘flase name’)
falsehood,n. ema-nga
fame,n. lu-dvumo
familiar,a. (become/be~with)v.: (kw)-ejayela /-ejayele# (kw)-etayela /-etayele
family,n. um-ndeni /imi-# um8-ti/ imi-# (~ name): si-bongo
famine,n. 9iin-dlal /tin-
famouse,a. (be ~)v.i. (ku)-dvuma / -dvumile 
far,adv. khashane # kudzeni
fare,n. (for journey): i-mali yekukhwela
farm,n. li-pulasi /ema-
farmer,n. um-limi /ba-
fashion,n. um-khuba /imi-
fast,v. (ku)-tila kudla
fast,a. (be ~)v. (ku)-phangisa# (go ~)): (ku)-shakutela
fasten,v.t. (ku)-bopha
fat,n. ema-futsa
fat,a. (get/be ~)v.i. (ku)-khuluphala/ -khuluphelwe# (as animals ): (ku)-nona /-nonile
father,n. (my/owr ~): babe /bo-# (your ~): u-yihylo /bo-# (his/her/their ~): -yise /bo-
father-in-law,n. (my~): babetala /bo-# (your ~): y-yihlotala /bo-# (his/her ~): u--yisetala /bo-
fatique,n. ku-dzinwa
fault,n. li-cala /ema-# si-phosiso /ti-
favour,n. um-sa (cl.3)# bu-bele
fear,n. lu-valo /tim-
fear,v.t. (kw)-esaba
feast,n. li-dzili /ema-
feather,n. lu-siba /tin-
February,n. i-Ndlovana# Februwari#
feed,v.t. (ku)-pha kudla# (bbreast -~): (ku)-munyisa# (as invalid or child): (ku)funta
feel,v. (ku)-va
female,a. -sikati /laba-
fence,n. lutsango /tin-# (wire ~): daladi /bo-# (wooden or stone ~): um-tsangala /imi-
fertile,a. (bbe~)v.i. (ku)-notsa / -notsile 
fertiliser,n. manyolo (cl.la)
fetival,n. si-bhimbi /ti-
fetch,v.t. (ku)-landza
fever,n. um-khuhlane /imi-
few,a.& pr. -mbalwa (rel. st)# in-cosana (n.)
field,n. in-simi /tin-# (grazing ~): li-dlelo /ema -# in-kambo (or in-kambu) /tin-
fierce,a. -nelulaka (rel.st)
fifth,a. -sihlanu (poss.st.)
fifty,a. -ngemashumi lasihlanu (rel.st)# (50 cents ): si-hlanu (n.)
fig,n. li-khiwa /ema-
fight,v.t.  (ku)-lwa
file,n. si-hlaboo /ti-# i-fayela /ema-
file,v.t. (ku)-gudla
fill,v.i. (ku)-gcwaba# -dcwala # v.t. (ku)-gcwabisa# gcwalisa
filter,n. li-hluto / ema-# si-cengo /ti-
filter,.vt. (ku)-hluta# (ku)-cenga
filth,n. ema-nyala
final,a. -gcinako# (~-ly)adv. ekugcineni
find,v.t. (ku)-khandza# (ku)-ftola
fine,v.t. (ku)-hlawulisa# n. in-hlawulo /tin-
fine,a. (small# slight): -ncane# (very good): -hle kakhulu
fine,adv. kahle kakhulu
finger,n. umu-no (or umu-nwe) /ini-
finger-nail,n. lu-galo /tin-
finger-print,n. si-nyatselo semunwe /tin-# te-
finish,v.i.  (ku)-phela# (ku)-gcina# v.t.  (ku)-cedza## (~ work): (ku)-shayisa
fire,n. um-lilo /imi-# (set on ~): v.t. (k)--lkhela# (as grass): (ku)-babela# ( ~ a gun):  (ju)-dvubula# (be on ~): v.i. (ku)-sha# (ku)-vutsa
fire-alarm,n. um-khosi wemlilo
fire-arm,n. si-bhamu /ti-fire-brigade n. ba-bhuli
fireplace,n. li-tiko /ema-
firestick,n. lu- vatsi /tim-
firewood,n. lu-khuni /tin-
fireworks,n. si-khwibhishi /tim-
firm,n. in-kampani /tin-
firm,a. (be ~)v.i. (ku)-cina / -cinile# (mke ~)v.t. : (ku)-cinisa# (ku)-cinisa# (ku)-gcina
firmament,n. si-bhakabhaka
first,a. -kucalal (poss. st. )# -calako (rel.v.st.)
firsst,adv. (at ~): kucalal# kwekucala
fish,n. in-hlanti /tin-
fish,v.t. (ku)-dvweba
fihing-rod,n. li-dvweba /ema-
fist,n. si-bhakela /ti-
fit,n. (epileptic ~ # &c.): si-tfutfwane /ti-
fit,v.t. 1. (befit): (ku)-lingana# (ku)-fanela# 2. (instal): (ku)-faka
fit,a. 1. (suitable ): -fanele (v.rel. st)# -lungele# 2. (healthy): -philile (v.r.st)
five,a. -sihlanu (rel.st.)# (~ emaLangeni): sihlanu semaLangeni# (~ cents): zuka /bo-
fix,v.t. 1.(make firm): (ku)-cinisa# 2. (repair): (ku)-kungisa
flag,n. li-duku /ema-# i-fulegi /ema-
flake,n. lu-cwecwana /tin-
flame,n. li-langabi /ema-
flap,v. (ku)-bhabhisa
flash,v. (ku)-manya# (ku)-baneka
flat,a. condzile (v.re.st.)
flatter,v.t. (ku)-babagta
flavour,n. bu-mnandzi# v.t. (ku)-nandzisa
flea,n. li-kululu /ema-
flee,v. (ku)-baleka
flesh,n. i-nyama
flex,n. lu-cingo lwagezi
flexible,a. -gobekako (v. rel. st.)
flicker,v.i. (ku)-lokota
float,v.i. (ku)-ntanta
flock,n. um-hlambi /imi-
flog,v.t. (ku)-dzindza# (ku)-shaya
flood,n. zamcolo /bo-
floor,n. si-yilo /ti-
flour,n. fulaha (cl. la)
flow,v.i. (ku)geleta# (ku)-gobhota
flower,n. i-mbali /ti-
flower,v.i. (ku)-bhalaza
flute,n. um-ntjingozi /timi-
fly,n. im-phungane /tim-# (horse -~): si-bawu /ti-
fly,v.i. (ku)-ndiza
foetus,n. imp-phunyu /tim-
fog,n. in-khungu /tim-
fold,n. (cattle --~): si-baya /ti-
fold,v.t. (ku)-goca# (ku)-gocota
folk,n. bantfu
folklore,n. ema-siko netinganekwane
folktale,n. in-simu /tin-# in-ganekwane /tin-
follow,v.t. (ku)-landzela
follower,n. um-landzeli /ba-
food,n. ku-dla
fool,n. si-lima/ ti-# si-hhuku /ti-
foolishness,n. bu-lima
foot,n. lu-nyawo /ti-
football,n. li-bhola /ema-
footbrdge,n. si-canco /ti-
footprint,n. si-nyatselo /ti-# lu-nyawo /ti-
footstep,n. si-gio /ti-
footwear,n. ti-catfulo
for,prep. (purpose# or on behalf of ): Use v. extn. -e|-# eg. -sebentela# ‘work for’ < -sebenta# ‘work’
forbid,v.t. (kw)-alela
force,n. em-andla# in-dluzula# (military  ~): i-mphi# (police ~)_: ema-phoyisa
force,v.t. (ku)-cindzetela# (ku)-phoca
ford,n. li-tubuko /ema-
forearm,n. in-galo /tin-
forehead,n. li-bunti /eima-
forman,n. im-folomane /tim-
foreskin,n. li-jwabu lemtoto
forest,n. li-hlatsi ema-
foreever,adv. naphakadze
forge,v.t. (as metal ): (ku)-fula# -khandza# (~ a signature): (ku)-ntjontja sandla
forget,v.t. (ku)-khohlwa /-khohliwe
forgive,v.t. (ku)-colela# (ku)-tsetselela
forgiveness,n. in-tsettselelo; lu-colo
forgotten,. (be ~)v.i. (ku)-khohlakala /-khohlakele
fork,n. im-fologo /tim-
form,n. 1. (shape): si-mo# 2. (type): lu-hlobo /tin-# 3. (seat): li-bentji /ema-# 4. (paper ~): i-fomu /ema- 
form,v.t. (make): (kw)-enta# (mould): (ku)-bumba
fornication,n. (ku)-phinga
forrsake,v.t. (ku)-shiya# (ku)-hlubuka
fort,n. i-ncaba /ti-
fortnight,n. ema-sontfo lamabili
fortress,n. in-ncaba /ti-
fortunate,a. -nenhlanhla (rel.st.)
fortune,n. (good ~): in-hlanhla /tin-
forty,a. -ngemashumi lamane (rel.st.)
forward,adv. embili# ngembili
fountain,n. um-tfobo /imi-# si-yalu /ti-
four,a. -ne
fourteen,a. -lishimi nane (rel.st.)
fourth,a. -sine (pos. st.)
fowl,n. in-khukhu /tin-
fraction,n. lu-cetu /tin-
fracture,v.i. (ku)-chachamba
fragment,n. si-cephu /ti-# lu-cetu/tin-
France,n. e-Fulansi (loc. n. )
free,v.t. (ku)-khulula# (ku)-tfukulula# v.i. (become/be ~): (ku)-khulukleka# (ku)-tfukuluka
free,a. (without cost ): mhhala (adv.)# (~ of): use -ngena- + n. # with rel. ccd.# e.g. labangenasikweleti# ‘ those who are free of debt’
freedom,n. in-khululeko /tin-
freezze,v.i. (ku)-gongobala /-gongobele# v.t. (ku)-candzisa
French,n. si--Fulentji# (~ person): li-Fulenji /ema-
fresh,a. -sha
fret,v.i. (ku)-tetema
Friday,n. Lesihlanu
friend,n. um-ngani /ba-
friendship,n. bu-hlobo# bu-dlelwane
fright,n. lu-valo# (get a ~): v.i. (kw)-etfuka# (give a ~ to): v.t. (kw)-etfusa
frighten,v.t. (kw)-esabisa# (kw)-etfusa
frightned,a. (be ~)v. (kw)-esaba
frightening,a. -esabekako (v. rel.st.)# -esabisako
frightfully,adv. (kakhulu kabi
frock,n. li-logo /ema-
frogn.,li-coco /ema-# si-coco /ti-
from,prep.: use loc. forms# i.e. # e-...--ini/eni + # (e.g. endlini <indl# ‘house’); ku- + pr.# &c.
front,n. 1. (-face): bu-so# 2. (in ~)adv. : embili # ngembili
frontier,n. um-khawulo /imi-
frost,n. si-tfwatfwa
frroth,n. (as on beer): in-gwebu
frown,v.i. (ku)-swaca
fruit,n. si-tselo /ti-
fry,v.t. (ku)-gayinga# (k)-osa# (ku)tfosa# (ku)-tfotfota
frying-pan,n. li-kesi /ema-# li-pani /ema-
full,a. (get/be ~) v.i. (ku)-gcwaba / -gcwebe# (ku)-gcwala /-gcwele
fumble,v. (ku)-fukuta
fumigate,v.t. (ku)-tfuncisela
fun,n. li-hlaya
funeral,n. um-ngcwabo /imi-
funnel,n. i-fonela /ema-# kwekwetsa
funny,a. (be ~)v. (ku)-hlekisa
fur,n. bo-ya (cl.14)
furnace,n. li-bhayela /ema-
furniture,n. i-fenisha /ema-
furrow,n. um-sele /imi-
further,adv. embili # (~down): ngentsnsi# (~up): ngenhla
future,n. si-khatsi lesitako
gadfly,n. si-bawu /ti-
fg,n. i-ntfo yekuvimba umlomo
gain,v.t. (ku)-tuta# (ku)-zuza
gain,n. in-tuto# si-taliso# in-zuzo
galago,n. si-ngwe /tii-
gale,n. si-vunguvungu /ti-
gall,(& gall bladder) n. i-nyongo /ti-
gamble,v. (ku0gembula
game,n. (sport): umhlalo /imi-# (wild animal ): i-nyamatane /ti-
gangster,n. si-gcwelegcele /ti-# si-gebengu /ti-
gaol,n. li-jele /ema -
gap,n. si-khala /ti-
gape,v. (lu)-khamisa
garage,n. li-galaji /ema-
garbage,n. ti-bi; dodi
garden,n. in-gadze /tin-# in-simi /tin-
gargle,v. (ku)-hahalata# (ku)-hahata
garment,n. in-gubo (yekugcoka)  /tin-# te-; s-embatfo /t-
gas,n. i-gesi /ema-
gasp,v. (ku)-befutela
gate,n. li-sango /ema-
gather,v.t (ku)-butsa# -cobonga# -coca# (~up): (ku)-khweta# -wola# (as firewood): (ku)-ftolta# (as fruit): (ku)-kha# (as crops ): (ku)-vuna# v.i.: (~ together# congregate): (ku)-butsana# (ku)-hlangana
gagthering,n. umm-butsano /imi-# um-hlangano /imi-
gauge,n. i-geji /ema-
gaze,v. (ku)-bukisisa# (ku)-gcolotela
gear,n. li-giye /ema-
geld,v.t. (ku)-phakula
gender,n. bu-lili
generosity,n. um-sa
genitalia,n. um-satha /imi-
gentle,a. -nene
gentleman,n.um-numzane /ba- or bo-m-)
gently,adv. kahle# kancane
genuine,a. -cotfo (rel. st.)
germ,n. li-jemusi /ema-# ema-gciwane# ema-gciyane
German,n. (language  &c.): si-Jalimane# (person):li-Jalimane /ema-
Germany,n. e-Jalimane (loc. n. )
get,v.t. 1. (obtain): (ku)-tfola# . (become): (ku)-ba# 3. (‘’get’ + adv. op prep.): (~down): (kw)-ehla# (kw)-ehlika# (~in): (ku)-ngena# (~out): (ku)-phuma# (~up): (ku)-sukuma# (ku)-vuka#
,(for others# rephrase# the Eng.)
ghost,n. si-poko /ti-
giant,n. in-khukhuma /tin-; li-zimu/ema-
giddiness,n.. si-yeti
gift,n. si-pho /ti-
giraffe,n. in-dlulamitsi /tin-
girl,n. i-ntfombatana /ti- /ema-# (under 10): si-dzandzane /ti-# (adolescent): li-tjitji /ema-# (18 to 22): ingcugce /tin-# (marriageable ~): i-ntfombi /ti-
give,v.t. (ku)-nika# (ku)-pha# (~ in/up): (ku)-nikela# (ku)-yekela. (~out# distribute): (kw)-abela. (~a drink to): (ku)natissa. (~ more): (kw)-engeta
glad,a. (be ~):v. (ku)-jabula# (ku)-tfokota
gland,n. li-dlal /ema-
glass,n. in-gilazi /tin-# si-buko /ti-
glasses,n. (spectacles): tin-gilazi# ti-buko# eme-hlo
gleam,v.i. (ku)-cwebetela# -khatimula
glide,v.i. (ku)-shelela# (kw)-enana
glisten,v.i. ku)-cwebetela
glove,n. in-dzilinga# i-globhu/tma-.
glorify,v.t. (ku)-dvumisa
glory,n. lu-dvumo /tin-
glossy,a. (be )v. (ku)-suleka /-sulekile
glove,n. li-gilavu /ema-# si-dladla /ti-
glue,n. i-glu /tma-# manavu 
gnaw,v.t. (ku)-gugudza
go,v.i 1. (move# travel# depart): kuu-hamba. (~fast): -hamba kahkulu; (~slow): -hamba kancane; (he has gone): uhambile. 2.
goal,n. li-goli /eima-. (aim): um-gomo /imi-
goat,n. i-mbuti /ti-
God,n. Nkulunkulu (cl.la). (trad.): Mkhulumnchanti(cl.la)# Mlentengamunye (cl.la). (agod# or idol): si-thico /ti- 
gold,n. i-golide
golf,n. i-galofu# i-galuva
good,a. -hle. (a ~ thing): in-tfo lenhle; (something ~): lokuhle. (good.): kulungile
good-bye,interj. (stay well;): sala kahle (pl. salani kahle); (go well): hamba kahle (pl.: hambani kahle 
good,day interj. (also = “good mornig’ # ‘ good afternoon’# &c. ): sakubona (pl.: sanibonani)
goodness,n. bu-hle; ku-lunga
goods,n. tim-phahla; tin-tfo
goose,n. li-hansi /ema-
gooseberry,n. gcumgcumu /bo-
gospel,n. li-vangeli /ema-
gossip,v.i. (ku)-cebbetsa# (ku)-hleba
got,v. [< get# q.v.]. (have/had ~): see ‘possess’.
gourd,n. 1. (edible ~): li-selwa /ema-. 2. (utensil): si-gubhu /ti-. 3. (for thick milk): in-gula /tin-
govern,v.t. (ku)-busa# (ku)-phatsa
government,n. hulumende /bo-# um-buso/imi-
gown,n. li-logo /ema-
grab,v.t. (ku)-hlwitsa
grace,n. umu-sa. (say ~): (ku)-bongela kudla
grade,n. li-klilai /ema-. (age -~): libutfo /ema-
gradient,n. um-casa /imi-
gradually,adv. kancane kancane 
grain,n. lu-havu /tin-
grain-pit,n. in-gungu /tin-
gram,n. li-gramu /ema-
grammar,n. lu-hlelo lwelulwimi
grand,a. -khulu
grandchild,n. um-tukulu /ba-
grandfather,n. mkhulu /bo-
grandmother,n. gogo /bo-
grant,v.t. (ku)-vumela# (ku)-pha.
grape,n. li-gilebhisi /ema-
grapefruit,n. -i-grenfgruthi /ema-
grasp,v.t. (ku)-bamba
grass,n. tjani (cl.14)
grasshopper,n. in-tsetse /tin-
gratis,adv. mahhala
gratitude,n. ku-bonga
grave,nn. -matima 
grave,n. li-ngcwaba /ema-# li-dliza/ema-# li-tfuna /ema-# li-liba /ema-
gravel,n. lu-khetse /tin-
graveyard,n. ema-ngcwabeni (loc. n. ))# ema-dlizeni (loc. n.)
gravity,n. si-sindvo
gravy,n. um-hluti (l.3)
graze,n. um-hhudluko /im-
graze,v.i. (ku)-dla tjanji# (kw)-eluka. v.t. (scrape): (ku)-gudla
grease,n. ema-futsa gilizi (cl.la)
great,a. -khulu
greatcoat,n. li-jaze /ema-
greatly,adv. kakhulu
greatness,n. bu-khulu
greed,n. bu-govu
green,a. -luhlata
greet,v.t. (ku)-bingelela# (ku)-khuleka
greetings,n. ti-bingelelo
grenadilla,n. li-ganandela /ema-
grey,a. -mphunga (rel.st.)
grief,n. lu-sizi /tin-
grill,v.t. (ku)-osa
grin,.v.i (ku)-sineka
grind,v.t. (ku)sila; (~ by machine ): (ku)-gaya
grindstone,n. i-mbokodvo /tim-. (~ for sharpening ): um-lalati/imi-
grip,v.t.  (ku)-bamba
grit,n. lukhetse
groan,.v.i. (ku)-bubula# (ku)-khnondza
groin,n. i-mbilapho /ti-
groom,v.t. (horse): (kw)-esula lihhashi
groove,n. si-sele /ti-
ground,n. um-hlabatsi (cl.3). (land): um-hlaba. (dancing ~# parade ~ &c): in-khundla /tin-. (on the ~): phansi
groundnut,n. in-dlubu /tin-# li-ntongomane /ema-
group,n. si-cuku /ti-
grow,v.i. (ku)khula.  (as plant s): (ku)-mila. (~old)P (ku)-guga. v.t. (cultivate): (ku)-lima
grudge,in. si-bbhongo /ti-# li-vundvo /ema-# li-gcubu /ema-
grumble,v.i. (ku)-khonondza# (ku)-vungama# (ku)-sola
guard,n. um-lindzi /ba-# gadzi /bo-
guard,.v.t (ku)-gciza# (ku)-lindza# (ku)-nakekela# (ku)-gadza
guardian,n. um-ondli /b-
guava,n. li-gwava /ema-
guess,v.t. (ku)-combela
guest,n. si-vakashi /ti-
guide,v.t. (ku)condzisa
guide,n. um-condzisi /ba-# li-gayidi /ema-
guilt,n. li-cala . (~ -less): -ngenacala (rel. st.)
guilty,a. -nelcala (rel.t.)
guinea-fowl,n. im-phangele /tim-
guitar,n. lu-gatali /tin-
gullet,n. um-phimbo /imi-
gully,n. lu-dvonga /tin-
gum,n. (of trees# &c. ) li-hlaka. (of teeth): si--sini //ti-. (chewing -~) : i-shungamu
gum-tree,n. gomou /bo-# in-dlulamitsi /tin-
gun,n. si-bhamu /ti-
gun-powder,n. um-sizi (cl.3))
gut,n. lu-singa
gutter,n. um-sele ewemanti /imi-# ye-
habit,n. um-khuba /imi-# im-velo /tim-
haemorrhage,n. k-opha
hail,n. s-angcotfo
hair,n. (human): lu-nwele /ti-. (animal ): b-oya
half,n. hhafu /bo-# i-ncenye /ti-
hall,n. li-hhola /ema-
hammer,n. s-andvo /t-
hammerhead,n. (bird) tsekwane /bo-
hand,n. s-andla /t-
handcuffs,n. zankosi /bo-
handle,n. si-bambo /ti. (~ of hoe &c. ): li-phini /ema-
handkerchief,n. li-duku /ema-
hand,v.i. (ku)-lenga. v.t. (ku)-lengisa# (kuu)-phanyeka
happen,v.vi. (kw)-ehlakala# (Zkw)-enteka
happiness,n. in-javulo# in-tfokoto
happy,a. (be ~)v.i. (ku)-javula# (ku)-tfokota
hard,a. -lukhuni (rel.st.)
hardship,n. in-hlupheko /tin-
here,n. um-gwaja /imi-# logwaja /bo-. (red ~): in-tsenetja  /tin-
harm,v.t. (ku)-limata# (k)-ona# (ju)-phoca
harmful,a. -limatako
harmless,a.  -ngenangoti
harmonize,v. (ku)-vumelana
harness,v.t. (ku)-bophela
harvest,n. si-vuno /ti-. v.t. (ku)-vuna
has,v. (= ‘have # q.v.)
hasten,v. (ku0-phangisa
hat,n. si-gcoko /ti-
hate,v.t. (ku)-tondza
hatred,n. in-tondvo
have,v. 1. (~ + v. : perf. tene aux.): use fx. -e or -ile with main v. (-we or -iwe for passive) e.g.g ngibonile (‘I have seen’) < -bona (‘see’); ngiboniwe (‘ I have been see’) < -bonwa (‘ been seen’).
2.,(~ + n. or pr. : = ‘possess’): use subj. ccd. + ne- / na- + n. /pr.# e.g. nginemukhwa (‘ have a knife’) < umukha (‘knife’); nginawo (‘I have it’) - cl.3) < wo(na) (‘it)
hawk,n. lohheya /bo-# lu-sweti /tin-
he,bs. pr. yena (cl.1); u- (subj.ccd.)
head,n. in-hloko /tin-. (~ of house-hold):  um-num-zane /ba-
headman,n. in-dvuna /tin- (asst. ~): li-phini /ema-
heal,v.i. (ku)-phola# .v.t. : (kw)-elapha
health,n. iim-philo. (ministry of ~): li-tiko letemphilo
healthy,a. (be ~) v.i. (ku)-phila
heap,n. in-cumbi /tin-
hear,v.t. (ku)-va. (‘I hear’): ngiyeva
heart,n. in-hlitiyo /tin-
heartache,n. lu-sizi# /tin-
heartbeat,n. ku-shaya kwenhlitiyo
heartbreak,n. lu-dzabuka
heartburn,n. si-lungelela
hearten,v.t. (ku)-khutsatta
hearth,n. li-tiko /ema-
heave,v.t. (ku)-fukula
heavven,n. li-zulu. (in/to~): ezulwini.
heavy,a. -matima (rel.st.). (be ~): v.i. (ku)-sindza
hedge,n. lu-tsango /tin-
heed,n. (ku)-caphela# (ku)-lalela
heel,n. si-tsendze /tin-
height,n. bu-dze
heir,n. in-dlalifa /tin-# in-khosana /ema-
hell,n. si-hogo
help,v.t. 1. (ku)-sita# (ku)-ncedza# (kw)-elekelela. 2. (~ another v.): Oftern the extn. -is- is used # e.g.  (ku)limisa (‘hlep to plough’) < (ku)-lima (‘ploough’)
help,n. lu-sito /tin-# lu-ncedvo /ti-
helper,n. um-siti /va-
helpful,a. -sitako (v.rel.st.)
hem,n. um-pheetfo /imi-
hem,v.t. (ku0-phetsa
hemp,n. (dagga): in-sangu
hen,n. si-khukhukati /ti-
her,1. (abs.pr. ) yye(na) (cl.1); -m((u)- (obj.ccd. #cl.1). 2. (poss.pr.): -akhe (cl.1)
herb,n. um-bhidvo /imi-. (medicinal ~): li-khambi /ema-
harvalist,n. i-nyanga yemakhambi
head,n. um-hlambi /imi-
heard,v.t. (kw)-elusa
herdsman,n. um-elusi /b-
here,adv. lapha# la. (be ~): (ku)-ba khona. (~is/are): nagnu (cl.1)# nampa (cl.2 )# &c
hereabouts,adv. ngalapha# ngala
hereafter,adv. emuva kwaloku
heredity,n. lu-futo
heritage,n. li-fa /ema-
hernia,n. (umbilical ~): um-bhobho# um-bhono (cl. 3)
hero,n. li-chawe /ema-
hers,poss.pre. -akhe (cl1)
hesitate,v.i. (ku)-ngabata
hey,interj. ye!
hicough/hiccup(s),n. in-tfwabi
hide,n. si-khumba /ti-# lu-gogo /tini-# si-gogo /tin-
hide,v.i. (ku)-casha. v.t. (ku)-fihla# (ku)-tfukusa
high,a. -dze; -phakeme (v.re.. st.)
highland,n. in-khangala /tin-
highveld,n. in-khangala /tin-
highway,n. um-gwaco lom-khulu /imi-# lemi-
hill,n. in-tsatjana /tin-. (ant -~): si-dvuli /ti-. (steep ~);: um-mango /imi- . (big ~): in-tsaba /tin-
hillock,n. si-bundvuma /tii-
hillside,n. li-cele /ema-
hilltop,n. li-dvundvu /tma-
him,abs.pr. ye(na) (cl.1)); -m(u)- (obj.ccd.#cl.1)
hinder,v.t. (ku)-libatisa# (ku)-tsiya
hindrance,n. si-tesiyo /ti-
hip,n. i-nyonga /ti-
hippopotamus,n. im-vubu /tim- 
hire,v.t. (borrow ): (ku)-casha. (~ out): (ku)-cashisa
his,poss. pr. --akhe (cl.1)
history,n. um-landvo /imi-
hit,v.t. (ku)-shaya. (punch): (ku)-mukula. (slap): (ku)-nika imphama
hoarse,a. -shile. (~ voice): li-vi lelishile /ema-# la-
hoe,n. li-khuba lekuhlakula /ema-# eku-
hold,v.t. 1. (take ~of): (ku)-bamba. (by a handle ): (ku)-hintja. 2
hole,n. i-mbobo /tim-. (~ in ground): um-godzi /imi-
holiday,n. li-holidi /ema-
hollow,a. -gubhekile (v.rel.st.).
holy,a. -ngcwele (v.rel.st.)
home,n. li-khaya /ema-. (loc.): ekhaya
homestead,n. um-ti /imi-
honest,a. -cotfo (rel.st.)
honesty,n. bu-cotfo
honey,n. lu-ju
honour,n. lu-dvumo /in-# in-hlonipho
honour,v.t. (ku)-dvumisa# (ku)hlonipha
honourable,a. -dvumisekile (v.re.st) (Tre hon...): uM-hlonishwa /ba-
hoof,n. li-sondvo /ema-
hook,n. li-hhuka /ema-
hop,v.i. (ku)-kokola
hope,v. (kw)-etsemba
hope,n. li-tsemba /ema-
horn,n. lu-phondvo /imi-
hornbill,n. kholwane /bo-
hornet,n. manyovu /bo-
horrible,a. -bi /kahkulu
horrid,a. -bi kakhulu
horrify,v.t. (kw)-esabisa
horror,n. kw-esaba lokukhulu
horse,n. li-hhash /ema-
hose,n. ema-sokisi 
hose,n. li-tfumbu lekunisela
hospital,n. si-bhedlela /ti-
hostage,n. si-tfunjwa /ti-
hot,a. -shisako (v.rel.st.). (be ~)v. (ku)-shisa
hotel,n. li-hhotela/ema-
hour,n. li-awa /ema-
house,n. i-ndlu /ti-
household,n. um-ti /imi-
householder,n. um-nikati we-ndlu
housework,n. um-sebent welikhaya
how,adv. 1. (by what mean ) ngani. 2. (in wht manner ) kanjani. 3. (in what state ) -njani rel.st. 4. (~ big) -ngakanani rel.st. 5 (~ many) -ngakhi rel.st.. 6. (~g realty/~much) adv. kangakanani. 7. (~ much money ?) malini? 8.(~ often ) adv. kangakhi 
howeverf,conj. kodvwa# kepha
howl,v. (ku)hlaba umkhubulungwane
hug,v.t. (ku)-gona
hum,.vt. (ku)-vunga
human,bing n. um-tfu /ba-
humanity,n. bu-ntfu
humble,a. -tfobile# -tfobekile (v.rel.st.)
humiliate,v.t. (ku)-phoca
humility,n. ku-tfobeka
humus,n. im-vundvo
hunchback,n. si-fumbu /bi-
hundred,n. li-khulu /ema-. a. -likhulu (rel.st.).
hunger,n. ku-lamba # in-dlala
hungry,a. (get/be ~)v.i. (ku)-lamba /-lambile (you are ~): ulambile; (he /she is ~) : ulambile
hunt,.v.t (ku)-tingela
hunger,n. um-tingeli /va-
hurricane,n. si-vunguvungu /ti-
hurry,v.i. (ku)-shesha# (ku)-phangisa
hurt,v.t. (ku)-limata. (gt /ve ~): v.ti. (ku)limala /-limele
husband,n. in-dvodza /ema-
hut,n. i-ndlu /ti-
hyena,n. im-phii /tim-
hymn,n. si-hlabelelo /ti-
hypocrite,n. um-tentisi /ba-
hyrax,n. i-mbila /ti-
hysterics,n. li-habiya
I, (me) abs.pr. mine; subj./obj.ccd: ngi-
ice,n. li-chwa
idea,n. um-cabango /imi-
idiot,n. si-lima /t-
idlel,a. (be ~) v.i. -vilapha
if,conj. na# lapho# um
iguana,n. chamu  /bo-
ill,a. (be ~) v..i. (ku)-gula
illness,n. si-fo /ti-
illuminate,v.t. (ku)-khanyisa
imagination,n. um-cabango /imi-
immediately,adv. masivnyane
immmorality,n. lu-phinga
impala,n. im-phala /tim-
important,a. (be ~) v.i. (ku)-baluleka/ balulekile
imporove,v.i. (ku)-ba ncono
improvement,n. bu-ncono
impudence,n. wkw-eyana
in,prep. 1. loc.f. : e-... -ini &c. (+n.) e.g. endlini (in the  house) < indlu (house). 2. ku- (+ pr.). 3. (inside of ): emkhatsi lkwe-/kwa- (+ n. /pr.). 4. (come/go ~): (ku)-ngena. 5. (put ~): (ku)-faka
inaudible,a. -ngevakali (v.re.st.)
inborn,a. -sengatini (rel.st.)
income,n. li-holo /ema-
increase,v.i. (kw)-andza# (ku)--khula# (ku)-tala. v.t. : (kw)-andzisa
incubate,v. (ku)-fukamela
indeed,adv. nemambala# sibili# impela# phela; vele (+ v. )
independence,n. in-khululeko
Indian,n. li-Ndiya /ema-. (~ language /culture): si-Ndiya
indicate,v.t. (kku)-khombisa
indigenous,a. -mvelo (poss. st.)
industrious,a. (be ~) v.i. (ku)-khutsala /-khutsele
industry,n. imi-sebenti /lemikhulu
inevitable,adv. nakanjani
infancy, n.  bu-ntfwana
infant,n. um-ntfwana /ba-
infect,v.t. (ku)-habulisa
infectious,a. -tsatselanako >v.rel.st). -habulisako
inflate,v.t (ku)-mpompa# (ku)-futsa
inform,v.t. (kw)-atisa# (ku)-tjela
information, n. kw-atiswa# kw-ati
informer,n. um-cebi /ba-
inhale,v.t .(ku)-hogola
inherit,v.t. (ku)-dla li-fa
inheritance,n. li-fa /ema-
inject,v.t. (ku)-gata# (ku)jova
injection,n. ku-gata# um-jovo /imi-
injure,v.t. (ku)-limata# (ku)-bulala. (get /be injured ) (ku)-limala / -limele
ink,n. i-nki /ti-
innocent,a. -ngenacala (rel.st)
inoculate,v.t. (see ‘inject’)
inioculation,n. (ee ‘injection’)
insane,a. (be ~) v.i. (ku)-hlanya
insect,n. si-lwanyana /ti-
inside,adv. ekhatsi (kwe-/kwa- n./pr.)
insipid,a. -dvama (rel.st.)
insist,v.i. (ku)-gcizelela
inspect,v.t. (ku)-hlola
inspector,n. (um)-holi /ba-
intigator,n. um-cali /ba-
insitnct,n. im-velo /tim-
instruct,v.t. (ku)-fundzisa
insult,v.t. (ku)-claa . n.Z: in-hlamba /tin-
intelligent,a. -hlakaniphile (v.rel.st)
intend,v. (ku)-hlosa# (ku)-fisa
intention,n. in-hloso /tin-# li-bomu /ema-
interest,n. um-dlandla . (on money): in-talo
interest,v.t. (ku)-chaza. (be interested ): (ku)-ncanywa. (an interesting story): in-dzaba lemnandzi
interior,n. in-dzawo yangekhatsi
intermarry,v. (kw)-endziselana
internal,a. -ngekhatsi (poss.st.)
interpret,v.t. (ku)-humusha
interpreter,n. um-humushi /ba-
interrogagte,v.t. (ku)-butisisa
interrupt,v.t. (ku)-phataminsa
interval,n. um-khatsi /imi-
intervene,v. (ku)-ngena ekhatsi
intestine,n. li-tfumbu /ema- (large ~): li-bhobho /ema-
intimate,a. -jayele (v.rel.st.)
intimidate,v..t (kw)-esabisa
into,pre. (see ‘in’)
intoxicate,v.t. (ku)-dzakisa
intoxicating,a. -dzakisako (v.rel.st)
introduce,v.t. (bring in): (ku)-ngenisa. (make known ): (kw)atisa
introdution,n. si-shayelelo /ti-
invade,v.t. (ku)-hlasela
invalid,n. si-gulane /ti-
invalid,a. -ngenamtsetfo (rel. st.)
invent,v.t. (ku)-camba
investigate,v.t. (ku)-phenya
invitation,n. si-memo /ti-
invite,v.t. (ku)-mema
iron,n. in-simbi /tin-. (corrugated ~): ngcwengcwe /to-# thayela / bo-thayela
iron,v.t. (ku)-ayina
irrigate,v.t. (ku)-nisela
is,v. (there is....) ku-khona … (cop.). (there is no...) ku-te... (cop.). (For predic. use of n.# a. # &c. # use cop. constr.# e.g. (ng)umuntfu# ‘it is a person’# < umuntfu# ‘person’)
island,n. si-chingi /tin-
it,abs.pr. wona (cl.3)# lona (cl.5) &c.; subj./obj. ccds.: u-/wu- cl.3)# li-(cl.5) &c. -(SEe concord Table)
Italian,n. (language /culture): si-Taliyane. (~person ): li-Taliyane /tma-
itch,v. (ku)-luma
item,n. i-ntfo /ti-# um-cimbi /imi-
jab,v.t. (ku)-kluvula
jack,n. jeke /bo-
jackal,n. imp-phungushe /tim-
jacket,n. lii-bantji /ema-
jail,n. li-jele /ema-
jam,n. (preserve ) jamu /bo-
jam,v.i. (ku)-bambeka
January,n. Bhimbidvwane
jaw,n. um-hlatsi /imi-
jealousy,n. si-kwele# um-ona (cl. 3)
jerk,v.t. (ku)-dlukuta
jersey,n. li-jezi /ema-
Jesus,n. Jesu
Jew,n. li-Juda /ema-
jewel,n. li-gugu /ema-
jews-harp,n. si-tolotolo /ti-
jigger-glea,n. li-tekenya /ema-
jingle,v.i (ku)-khehleta
job,n. um-sebenti /imi-
jog-trot,v.i. (ku)-shuca# (ku)-hlehla
Johannesburg,n. e-Jozi# e-Goli (loc.n.)
join,v.i. 9ku)-hlangana v.t. (ku)-hlanganisa
joint,n. li-lunga /ema-
joke,n. li-hlaya /ema-
joke,v.i. (ku)-tekula 
journey,n. lu-hambo /ti-
joy,n. in-havulo /tin-
judge,n. li-jaji /ema-. v. (ku)-gweba
judgement,n. si-gwebo /ti-# si-ncumo /ti-
jug,n. li-jeke /ema-
July,n. Kholwane (cl.la).
jump,v. (kw)-engca # (ku)-guluja# (ku)-galaja# (ku)-chuma
june,n. i-Nhlaba
jurisdiction,n. li-gnya
jury,n. ba-siti belijaji
just,adv. (=only) nje# kuphela
just,a. (be ~/fair)v.(ku)-lunga/-lungile
justice,n. ku-lunga
kaross,n. si-phuku /ti-
keen,a. -cijile v.rel.st.)
keep,v.t. (ku)-gcina (~saffely): (ku)-londvolota. (~ livestock): (ku)-fuya. (~ on): (ku)-chubeka
keeper,n. um-chini /va-
kettel,n. li-gedlela /ema-
key,n. si-khiya /ti/-# si-hokklelo /ti-
kick,v.t. (ku)-khahllela
kid,n. 1 li-zinyane lembiti /ema-# e-. 2. (cild): um-ntfwana /ba
kidnap,v.t. (ku)-tfumba
kidney,n. in-so /ti-
kill,v.t. (ku)-bulala# (ku)-bhubhisa. (slaughter): (ku)-hlaba
kilogram,n. li-khilo /ema-
kilt,n. 1. (men’s trad. leather ~): um-dada /imi-. 2. (married woman’s ~): si-dvwaba /t-
kind,n. luhlobo /tin-
kind,a. -nemusa (rel.st.)# -nene
kindle,v.t. (ku)-basas# (ku)-phemba# (ku)-lumeka
kindness,n. umu-sa
king,n. in-khosi /ema-. (~ of Swaziland): i-Ngwrenyama
kingdom,n. um-buo /imii-
kingship,n. bu-khosi
kinship,n. bu-nini
kinsman,n. si-nini
kiss,v.t. (ku)-cabuta
kitchen,n. li-khishi /ema-. (trad. ~): li-dladla /ema-
kitten,n. li-zinyane la-kati /ema-# ab-
kloof,n. si-hoshi /ti-
knead,v.t. (ku)-bhuca (inhlama)
knee,n. li-dvolo /ema-
knee-cap,n. li-vi /ema-
knee-halter,v.t. (ku-pana 
kneel,v.i. (ku)-guca
knife,n. umu-khwa /imi-. (pocket -~): li-gotjwa /ema-# u-mese /i- (bush-~/cane-~): celemba /bo-# bhusha /bo-. (table -~): li-tafula /ema-
knit,v.t. (ku)-nitha# (ku)-kolosha
knock,v.t. (ku)-shaya# (ku)-betsa. v.ti. (ku)-nconcotsa. knoick-knock.) interf.: nco-nco
knowt,n. li-findvo /ema-
know,v.t. 1. (kw)-ati. (I ~): ngiyati. (I do not ~): angati . (I ~ him/her): ngiyamati . 2. (~ each other ): (kw)-atana
knowledge,n. lw-ati (cl.11)
knuckle,n. li-klunga /ema-
koodoo,n. um-gankla /imi-
kraal,n. (cattle -~): si-baya /ti-
labour,v.t. (ku)sebenta 
labout,n. um-sebenti /imi- (hired ~): li-toho
labourer,n. sisebenti /ti-
lace,n. (shoe -~) um-chilo /imi-
lacerate,v.t. (ku)0klebhula
lack,v.t. (ku)-swela# (ku)-dzinga# (ku_-te
lad,n. li-bhungu /ema-# um-fana /ba-
ladder,n. li-ladi /ema# li-lele /ema-
ladle,n. in-gcwembe /tin-
lady,n. in-khosikati /tima- (or tin-) (unmarried  ~): in-khosatana /ema-
lake,n. li-chibi /ema-
lamb,n. li-zinyane (lenvu ) /ema- / -em-
lame,a. (be ~)-chuta
lamp,n. si-bani /ti-# li-lambu /ema-
land,n. .um-hlaba /imi- (country): li-ve /ema-
landloard,n. um--cashisi /ba-
language,n. lu-lwimi /ti-
lantern,n. si=ketekete /ti-# sibani /ti-
large,a. -khulu
larynx,n. um-phimbo /imi-# bhongwane /bo-
last,a. -gchinako (v.rel. st.) (=past): -phelile# (~ month): i-nyanga lephelile# (~ week): li-viki leliphelile# (~ year): um-nyaka lophelile
last,v. (ku)-hlala si-khatsi
late,a. (be ~)v.i. (kw)-ephuta
laugh,v. (ku)-hleka
lavatory,n. li-bhoshi/ema-# um-thoyi /iim-
law,n. um-tsetfo /imi-
lawn,n. i-loni /ema-
lawyer,n. um-meli /ba-
laxative,n. umutsi wekuhambisa sisu
lay,v.t. (ku)-beka (~~ egg) (ku)-talela. (~ tabl e): (ku)-deka
laziness,n. bu-vila
lazy,a. (be ~)v.i. (ku)-vilapha
lead,n. (metal ) um-tfofi (cl.3)
lead,v.t. (ku)-hola# (ku)-dvonsa. (~ to# as a road): (ku)-condza
leaf,n. li-cembe /ema-
leak,v. (ku)-vuta
lean,a. -ondzile (v.rel. st.)
lean,v. (kw)-eyama
leap,v. (kw)-engca# (ku)-chuma
learn,v.t. (ku)-fundza
leather,n. lu-gogo # si-gogo # si-khumba
leave,v.i. (ku)-hamba # (kw)-esuka# (ku)-phuma. v.t. : (ku)-shiya# (ku)-yekela
left,adv. (on the ~-hand side ): ngesancele . (a ~ -handed person): n. li-gijolo /ema-
leg,n. um-lente /imi-
lemon,n. li-lemoni /ema-# li-lamula /ema-
lemonade,n. i-namanedi ye-lemoni
lend,v.t.  (ku)boleka (++ personal obj. ccd.)# (ku)bolekisa. (ku)-tjeleka
length,n. budze
leopard,n. i-ngwe /ti-
leprosy,n. bu-lephelo# si-lephelo
Lesoho,n. e-Lusutfu (loc.n.)
less,a. -ncane (une-/juna- + n./pr.)
lessen,v.ti .(ku)ncipha v.t. (ku)-ciphisa
,leson n. si-fundvo /ti-
let,v.t. 1. (allow): (ku)-vumela 2. (hire out ): (ku)-cashisa.  3. (~ alone ): (ku)-yekela
4.,(~ ree): (ku)-khulula
lette,n. i-ncwadzi /ti-
lettuce,n. li-jethisi /ema-
level,a. 1. (be ~)v.i. (ku)-lingana. 2. (make ~)v.t. (ku)linganisa
liar,n. um-khohlisi /ba-
liberate,v.t. (ku)-khuluma
liberty,n. in-khululeko
lid,n. si-mbonyo /ti-# si-dekiselo /ti-
lie,down v.i (ku)-lala
lies,n. em-anga. (tell ~): -cama ~
life,n. im-philo /tim-
lift,v.t. (ku)-phakamisa# (ku)-khweta# (ku)-fuca# (ku)-cukula
lift,n. ku-khanya. (lamp ): si-abani /ti-
light,v.t. 1. (set ~ to): (k)okhela ## (ku)-tfungela . 2. (illuminate ): (ku)-khanyisa
light,a. (in colour): -khayako (v..re.st. ). (~ in wight ): -lula (rel.st.)
lightning,n. um-bani (cl.3)
like,v.t. (ku)-tandza
like,a. &prep. 1. (adv.f.): njenge-/ njenga- (+ n./pr.). 2. (~ this: nje; (~ that ): njalo# njeya. 3. (be ~# resemble )v. (ku)-fana# (ku)-futa
likeable,a. (be ~)v.i. (ku)-tsandzeka
likely,a. (be ~)v. (pot.md): -ngenteka# e.g. kungenteka# ‘is is likely’
likeness,n. ku-fana# ku-futa
likewise,adv. njalo# futsi
limb,n. si-tfo /ti-
lime,n. um-cakaco (cl.3)
limit,v.t.  (ku)-khawula n. um-khawulo /iim-
limp,v.i. (ku)-chuta
line,n. 1. umu-dvwa /imi-# layini /bo-. 2. (row): lu-hlu /tin-. 3. (queue/fiile): li-delezi /ema-. 4. (cord): in-tsambo /tin-. 5. (railyway ~): jantji /bo- . 7. (lothes -~): um-gibe /imi--# fenisi /bo-
linger,v.i. (ku)-libala 
link,v.t. (ku)-hlanganisa
lion,n. libhubesi  /ema-
lip,n. in-dzebe /tini-
liquor,n. tjwala (cl.14)# in-kantini
list,n. lu-hlu /tin-
listen,v.t (ku)-lalela
literature,n. imi-bhalo
litre,n. li-lita /ema-
little,1. a. -ncane . 2. adv. kancane. 3. n. in0cosana /tin-
live,v.t. (ku)-phila . reside): (ku)hlala
liver,n. si-bindzi /ti-
livestock,n. im-fuyo /im-
lizard,n. um-gololo /imi- . (house -~): si-bankhwa /ti-. (monitor ~): chamu
load,n. umtfuwalo /timi-# li-fulaha/imi-# li-fulaha/ ema-. 
load,v.t. (ku)
load,v.t. (ku)ftwalisa# (ku)-layisha# (as gun): 9ku)hlohla
loadv,n. si-nkhwa /ti-# um-khama /imi-
loaf,v.i. (ku)-lova
loan,n. s-ebolekiso /ti-
loathe,v.t. (kw)-enyanya# (ku)-casukela# (ku)-tondza
Lobamba,n. kaLobama (loc.n.)
locality,n. in-dzawo /tin-
location,n. in-dzawo /tin-. (housing estate): si-komu /ti- /ti-# si-kompulazi /ti-
lock,v.t.  (ku)-bhadvula# (ku)-khiya# (ku)-loklela# ku_- noklolela
lock,n. si-khiya /ti-# i-nkanankana /ti-# in-gidzi /tin-
locust,n. si-khonyane /ti-# lidziya /ema-
log,n. lu-dodvo /tin-
loin,(s) n. lu-khalo# ema-nyonga
loin-skin,n. li-hiya /ema-# li-bhebha /ema-
long,a. -dze. (a ~ way): kudzeeni# khashane . (~ ago ): kadzeni# endvulo.
long,v. (ku)--langatela
look,v. 1. (~ / ~ at): (ku)-uka# (ku)-bheka. 2. (! for ): (ku)-calata
(ku)-ciza#,(ku)-funa. 3. (~ after): (ku)-nakekela# (ku)ciza# (ku)-gcina# (ku)-bhaobha.4. (look out): caphela! lp. caphelani. 5.(it looks as if ..): kubonakala kungatsi … 
loop,n. si-hibelo /ti-
loose,a. (be ~)v.i. (ku)-ceka (come ~): (ku)-khumuka . (get ~): (ku)-phunyuka. (set ~): (ku)-khulula# (ku)-phunyula. 
loosen,v.t. (ku)-tfukulula# (ku)-cekisa
lorry,n. i-lori /ema-
lose,v. 1. (be unsuccessful )v.i.  (kw)-ehluleka. 2. (cease to haave ): (ku)-lahlekelwa. 3. (waste): (ku)-lahla 
lost,a. (get ~):  (ku)-lahleka. (go astray): (ku)-duka
lot,n. 1. (portion): s-abelo /t-. 2. (large quantity ): bu-negi# bu-nyenti . 3. (much /many ) a. -nengi# -nyenti. 4. (greatly ) adv. kakhulu
\loud,a. -nemsindvo (rel.st.)
loudly,adv. kakhulu
louse,n. in-tfwala /tin-
love,v.t. (ku)-tsandza
love,n. lu-tsandvo
lovely,a. -hle; -bukekako (v.rel.st.)
lover,n. 1. (male): li-soka /ema-# in-ganswa /tin-. 2. (female): si-ngani /ti-. 3. (secrete ~): li-shende /ema-# makhwapheni
low,adv. phansi # phasi
low,v. (as cattle): (ku)-khonya# (ku)-bhonsa
lowveld,n. li-hlanze /ema- 
loyal,a. -tsembekile (v.re.st.)
luck,n. (good ~): in-hlanhla /tin-
lukewarm,a. -butfukutfuku (rel.st.)
lunatic,n. luhlanya /tin-
lung,n. li-phaphu /ema-
lychee(s),n. ema-litjisi
